City_ID,City,Country,Date,Lat,Lng,Max Temp,Humidity,Cloudiness,Wind Speed
0,Dingle,PH,2022-05-08 17:54:10,10.9995,122.6711,78.53,86,46,8.16
1,Dhidhdhoo,MV,2022-05-08 17:54:10,6.8833,73.1,85.23,73,99,17.2
2,Airai,TL,2022-05-08 17:54:11,-8.9266,125.4092,58.42,90,57,3.53
3,Amapa,BR,2022-05-08 17:54:11,1.0,-52.0,77.9,94,100,3.2
4,Kyra,RU,2022-05-08 17:54:12,49.5776,111.9753,50.61,36,79,6.24
5,Mataura,NZ,2022-05-08 17:54:13,-46.1927,168.8643,50.49,97,88,1.7
6,Vaini,TO,2022-05-08 17:54:14,-21.2,-175.2,73.56,88,20,6.91
7,New Norfolk,AU,2022-05-08 17:54:14,-42.7826,147.0587,42.71,78,22,2.44
8,Carballo,ES,2022-05-08 17:54:15,43.213,-8.691,80.02,68,34,3.02
9,Shchigry,RU,2022-05-08 17:54:16,51.8755,36.9043,60.62,79,78,7.27
10,Ancud,CL,2022-05-08 17:54:16,-41.8697,-73.8203,54.63,73,26,7.23
11,Mitsamiouli,KM,2022-05-08 17:54:17,-11.3847,43.2844,79.09,89,20,4.61
12,Acapulco,MX,2022-05-08 17:53:43,16.8634,-99.8901,86.18,57,9,9.26
13,Tasiilaq,GL,2022-05-08 17:54:18,65.6145,-37.6368,36.23,69,100,6.31
14,Brigantine,US,2022-05-08 17:54:19,39.4101,-74.3646,49.19,73,100,33.46
15,Ruyigi,BI,2022-05-08 17:54:19,-3.45,30.3167,60.67,91,74,3.8
16,Nabire,ID,2022-05-08 17:54:20,-3.3667,135.4833,77.83,91,90,2.15
17,Atuona,PF,2022-05-08 17:49:58,-9.8,-139.0333,78.69,73,41,16.46
18,Mahebourg,MU,2022-05-08 17:54:21,-20.4081,57.7,75.49,83,40,5.75
19,Yellowknife,CA,2022-05-08 17:53:35,62.456,-114.3525,32.56,74,100,26.46
20,Kavieng,PG,2022-05-08 17:54:21,-2.5744,150.7967,83.26,72,97,17.81
21,Khorixas,NA,2022-05-08 17:54:22,-20.3667,14.9667,73.24,23,0,9.08
22,Georgetown,MY,2022-05-08 17:50:59,5.4112,100.3354,82.33,92,20,3.44
23,Coquimbo,CL,2022-05-08 17:50:49,-29.9533,-71.3436,62.33,67,100,6.91
24,Awbari,LY,2022-05-08 17:54:23,26.5921,12.7805,78.44,14,0,9.51
25,Asau,RO,2022-05-08 17:54:24,46.4333,26.4,59.92,59,99,1.83
26,Mirabad,AF,2022-05-08 17:54:24,30.4362,61.8383,91.54,17,15,15.01
27,Quatre Cocos,MU,2022-05-08 17:54:25,-20.2078,57.7625,75.31,85,26,10.76
28,Sistranda,NO,2022-05-08 17:54:25,63.7256,8.834,44.56,65,99,11.9
29,Yulara,AU,2022-05-08 17:54:26,-25.2406,130.9889,53.44,37,100,8.05
30,Cape Town,ZA,2022-05-08 17:50:03,-33.9258,18.4232,60.28,78,0,6.91
31,Puerto Ayora,EC,2022-05-08 17:49:53,-0.7393,-90.3518,80.56,80,10,12.44
32,Guerrero Negro,MX,2022-05-08 17:54:27,27.9769,-114.0611,66.29,58,10,16.96
33,Upernavik,GL,2022-05-08 17:52:59,72.7868,-56.1549,21.56,69,93,6.42
34,Pisco,PE,2022-05-08 17:54:28,-13.7,-76.2167,72.01,73,0,8.05
35,Tynda,RU,2022-05-08 17:54:29,55.1667,124.7167,40.24,48,99,3.13
36,Albany,US,2022-05-08 17:50:44,42.6001,-73.9662,63.43,30,71,1.01
37,Aguilas,ES,2022-05-08 17:54:30,37.4063,-1.5829,69.24,50,57,3.67
38,Nantucket,US,2022-05-08 17:54:30,41.2835,-70.0995,50.14,57,75,34.52
39,Alice Springs,AU,2022-05-08 17:52:24,-23.7,133.8833,42.35,56,100,3.44
40,Mount Isa,AU,2022-05-08 17:54:31,-20.7333,139.5,65.97,63,29,8.05
41,Mar Del Plata,AR,2022-05-08 17:54:32,-38.0023,-57.5575,73.94,62,0,26.46
42,Beringovskiy,RU,2022-05-08 17:54:32,63.05,179.3167,29.59,88,81,10.27
43,Northam,GB,2022-05-08 17:54:33,51.0333,-4.2167,60.62,74,69,6.51
44,Sambalpur,IN,2022-05-08 17:54:34,21.45,83.9667,82.26,58,85,14.5
45,Thompson,CA,2022-05-08 17:54:34,55.7435,-97.8558,48.36,81,75,14.97
46,Rikitea,PF,2022-05-08 17:55:35,-23.1203,-134.9692,76.73,77,49,23.15
47,Bat Khela,PK,2022-05-08 17:55:35,34.6167,71.9714,81.5,17,0,7.11
48,Riyadh,SA,2022-05-08 17:52:51,24.6877,46.7219,86.14,13,0,15.73
49,Durango,MX,2022-05-08 17:51:12,24.8333,-104.8333,83.89,8,17,4.21
50,Iqaluit,CA,2022-05-08 17:55:36,63.7506,-68.5145,28.13,68,20,4.61
51,Saint-Joseph,RE,2022-05-08 17:55:37,-21.3667,55.6167,71.98,81,26,7.43
52,Tiksi,RU,2022-05-08 17:55:37,71.6872,128.8694,-0.24,99,55,4.14
53,Ambulu,ID,2022-05-08 17:55:38,-8.345,113.6058,76.66,93,91,3.29
54,Narsaq,GL,2022-05-08 17:55:39,60.9167,-46.05,40.37,75,100,4.27
55,Butaritari,KI,2022-05-08 17:55:39,3.0707,172.7902,81.45,80,26,16.58
56,Marawi,PH,2022-05-08 17:55:40,7.9986,124.2928,70.61,96,100,0.43
57,Clyde River,CA,2022-05-08 17:55:41,70.4692,-68.5914,25.03,86,100,13.8
58,Hermanus,ZA,2022-05-08 17:55:41,-34.4187,19.2345,55.8,78,54,5.35
59,Badulla,LK,2022-05-08 17:55:42,6.9895,81.0557,73.4,76,100,5.7
60,Marsh Harbour,BS,2022-05-08 17:55:42,26.5412,-77.0636,79.81,71,0,12.01
61,Omsukchan,RU,2022-05-08 17:55:43,62.5333,155.8,12.22,93,23,4.65
62,Ushuaia,AR,2022-05-08 17:55:44,-54.8,-68.3,44.26,61,40,41.43
63,Arraial Do Cabo,BR,2022-05-08 17:55:44,-22.9661,-42.0278,75.16,73,40,6.91
64,Punta Arenas,CL,2022-05-08 17:55:45,-53.15,-70.9167,46.51,57,40,27.63
65,Grand Gaube,MU,2022-05-08 17:55:46,-20.0064,57.6608,75.6,78,4,5.01
66,Mullovka,RU,2022-05-08 17:55:47,54.2,49.4,55.22,50,0,1.83
67,Khatanga,RU,2022-05-08 17:55:47,71.9667,102.5,4.57,97,20,9.31
68,Falam,MM,2022-05-08 17:55:48,22.9167,93.6833,62.31,93,61,2.37
69,Buckeye,US,2022-05-08 17:55:48,33.3703,-112.5838,89.19,15,0,13.8
70,Hasaki,JP,2022-05-08 17:55:49,35.7333,140.8333,61.2,52,100,13.31
71,Kapaa,US,2022-05-08 17:55:50,22.0752,-159.319,75.52,85,100,11.5
72,Kahului,US,2022-05-08 17:55:50,20.8947,-156.47,76.84,84,65,11.01
73,Provideniya,RU,2022-05-08 17:55:51,64.3833,-173.3,31.1,96,99,6.51
74,Port-Gentil,GA,2022-05-08 17:55:51,-0.7193,8.7815,82.36,83,40,9.22
75,Cidreira,BR,2022-05-08 17:55:52,-30.1811,-50.2056,68.31,70,0,13.98
76,Vila Velha,BR,2022-05-08 17:55:52,-20.3297,-40.2925,76.95,78,75,18.41
77,Hilo,US,2022-05-08 17:55:53,19.7297,-155.09,87.28,94,74,5.01
78,Buala,SB,2022-05-08 17:55:53,-8.145,159.5921,79.84,86,98,8.28
79,Tuktoyaktuk,CA,2022-05-08 17:55:54,69.4541,-133.0374,35.6,75,75,14.97
80,Tura,IN,2022-05-08 17:55:55,25.5198,90.2201,75.88,66,38,3.38
81,Bluff,NZ,2022-05-08 17:55:56,-46.6,168.3333,50.81,88,74,3.89
82,Bredasdorp,ZA,2022-05-08 17:54:19,-34.5322,20.0403,55.47,86,86,3.96
83,Innisfail,AU,2022-05-08 17:55:56,-17.5333,146.0333,74.17,90,81,6.4
84,Saint-Georges,GD,2022-05-08 17:55:57,12.0564,-61.7485,85.68,70,40,21.85
85,Tilichiki,RU,2022-05-08 17:55:58,60.4667,166.1,25.57,90,97,3.2
86,Saskylakh,RU,2022-05-08 17:55:58,71.9167,114.0833,8.71,94,75,12.55
87,Souillac,MU,2022-05-08 17:51:20,-20.5167,57.5167,75.58,83,40,5.75
88,Bauchi,NG,2022-05-08 17:55:59,10.5,10.0,92.61,32,100,5.41
89,Celestun,MX,2022-05-08 17:56:00,20.8667,-90.4,92.28,54,0,6.44
90,Vila Do Maio,CV,2022-05-08 17:57:00,15.1333,-23.2167,77.79,81,18,15.48
91,Chokurdakh,RU,2022-05-08 17:57:01,70.6333,147.9167,8.6,89,98,6.53
92,Kaoma,ZM,2022-05-08 17:57:02,-14.7833,24.8,68.86,53,33,3.58
93,Chunhuhub,MX,2022-05-08 17:57:02,19.55,-88.6833,100.44,31,18,5.1
94,Carnarvon,AU,2022-05-08 17:57:03,-24.8667,113.6333,62.67,88,0,5.75
95,Dikson,RU,2022-05-08 17:57:04,73.5069,80.5464,21.61,94,99,28.59
96,Solnechnyy,RU,2022-05-08 17:57:05,50.7214,136.6319,38.41,73,73,10.45
97,Kailua,US,2022-05-08 17:57:06,21.4022,-157.7394,76.64,78,62,7.0
98,Eureka,US,2022-05-08 17:56:56,40.8021,-124.1637,51.19,63,88,8.99
99,Bengkulu,ID,2022-05-08 17:57:07,-3.8004,102.2655,77.95,81,96,3.44
100,Nishihara,JP,2022-05-08 17:54:48,26.1842,127.7558,76.68,97,100,10.36
101,Aklavik,CA,2022-05-08 17:57:08,68.2191,-135.0107,41.0,65,20,6.91
102,Middelburg,ZA,2022-05-08 17:57:08,-25.7751,29.4648,54.75,73,80,5.19
103,Ensley,US,2022-05-08 17:57:09,30.5188,-87.2728,87.06,55,18,4.0
104,Henderson,US,2022-05-08 17:52:27,36.0397,-114.9819,81.82,21,0,25.32
105,Conceicao Do Araguaia,BR,2022-05-08 17:57:10,-8.2578,-49.2647,89.15,42,46,6.42
106,Lebu,CL,2022-05-08 17:57:10,-37.6167,-73.65,56.89,93,99,6.91
107,Bambous Virieux,MU,2022-05-08 17:57:11,-20.3428,57.7575,75.45,83,40,5.75
108,Saint-Augustin,CA,2022-05-08 17:57:11,51.226,-58.6502,46.76,41,77,10.31
109,Inta,RU,2022-05-08 17:57:12,66.0317,60.1659,46.31,77,83,14.92
110,Saldanha,ZA,2022-05-08 17:54:21,-33.0117,17.9442,57.25,84,24,8.32
111,Port Hedland,AU,2022-05-08 17:55:09,-20.3167,118.5667,69.85,56,75,6.91
112,Namtsy,RU,2022-05-08 17:57:13,62.7161,129.6658,34.77,86,100,8.57
113,Tottori,JP,2022-05-08 17:57:14,35.5,134.2333,53.2,55,94,2.3
114,Lypova Dolyna,UA,2022-05-08 17:57:14,50.5643,33.7979,54.45,75,83,7.56
115,Faanui,PF,2022-05-08 17:57:15,-16.4833,-151.75,81.32,76,10,10.69
116,Tevaitoa,PF,2022-05-08 17:57:15,-16.7833,-151.5,81.5,78,18,12.06
117,Bonthe,SL,2022-05-08 17:57:16,7.5264,-12.505,78.94,82,100,4.43
118,Port Lincoln,AU,2022-05-08 17:57:16,-34.7333,135.8667,60.08,70,100,10.98
119,Ariquemes,BR,2022-05-08 17:57:17,-9.9133,-63.0408,85.28,68,24,3.56
120,Imbituba,BR,2022-05-08 17:57:18,-28.24,-48.6703,72.86,65,0,11.41
121,Leningradskiy,RU,2022-05-08 17:57:18,69.3833,178.4167,18.95,96,100,3.85
122,Praia Da Vitoria,PT,2022-05-08 17:57:19,38.7333,-27.0667,68.25,64,20,2.93
123,Port Elizabeth,ZA,2022-05-08 17:57:19,-33.918,25.5701,63.32,75,75,8.05
124,Sa Kaeo,TH,2022-05-08 17:57:20,13.75,102.3333,78.64,78,100,3.4
125,Ha Giang,VN,2022-05-08 17:57:21,22.8333,104.9833,75.78,99,99,2.75
126,San Juan Evangelista,MX,2022-05-08 17:57:21,17.9,-95.1333,104.97,24,15,18.72
127,Longyearbyen,SJ,2022-05-08 17:57:22,78.2186,15.6401,17.44,57,40,20.71
128,Acari,PE,2022-05-08 17:57:23,-15.4311,-74.6158,77.9,53,50,12.21
129,Dunedin,NZ,2022-05-08 17:57:24,-45.8742,170.5036,52.81,92,100,1.99
130,Fethiye,TR,2022-05-08 17:57:24,36.6217,29.1164,67.87,59,35,4.45
131,Troitskoye,RU,2022-05-08 17:58:25,52.9821,84.6757,41.86,38,84,4.07
132,Bagepalli,IN,2022-05-08 17:58:26,13.7847,77.7931,80.58,53,100,11.54
133,Saint-Pierre,RE,2022-05-08 17:57:51,-21.3393,55.4781,73.9,73,0,3.44
134,Cabo San Lucas,MX,2022-05-08 17:55:29,22.8909,-109.9124,90.61,48,94,9.28
135,Victoria,HK,2022-05-08 17:58:05,22.2855,114.1577,77.38,78,100,10.0
136,Monjaras,HN,2022-05-08 17:58:27,13.2006,-87.3742,89.53,58,71,5.66
137,Rio Tuba,PH,2022-05-08 17:58:28,8.5061,117.4317,82.22,79,71,8.37
138,Bahia Blanca,AR,2022-05-08 17:58:29,-38.7196,-62.2724,76.17,35,81,14.03
139,Thinadhoo,MV,2022-05-08 17:58:29,0.5333,72.9333,84.47,78,81,20.02
140,Liverpool,GB,2022-05-08 17:58:30,53.4106,-2.9779,65.14,68,20,11.5
141,Horsham,GB,2022-05-08 17:58:30,51.064,-0.3272,64.6,55,0,10.36
142,Luanda,AO,2022-05-08 17:53:47,-8.8368,13.2343,78.08,85,52,12.77
143,Kaitangata,NZ,2022-05-08 17:58:31,-46.2817,169.8464,51.82,96,100,1.63
144,East London,ZA,2022-05-08 17:58:32,-33.0153,27.9116,61.74,82,0,10.36
145,Fuerte Olimpo,PY,2022-05-08 17:58:32,-21.0415,-57.8738,91.94,26,3,4.18
146,San Juan,AR,2022-05-08 17:58:33,-31.5375,-68.5364,73.35,32,99,5.3
147,Usinsk,RU,2022-05-08 17:58:33,65.9939,57.5281,42.1,90,68,14.9
148,Bhag,PK,2022-05-08 17:58:34,29.0415,67.8239,100.35,7,0,9.73
149,Weston,US,2022-05-08 17:58:34,26.1004,-80.3998,94.01,59,3,5.99
150,Busselton,AU,2022-05-08 17:58:35,-33.65,115.3333,57.18,82,7,3.49
151,Sarangani,PH,2022-05-08 17:58:35,5.4033,125.4636,80.17,88,100,15.1
152,Baft,IR,2022-05-08 17:58:36,29.234,56.6057,64.42,29,18,14.47
153,Mao,ES,2022-05-08 17:58:37,39.8885,4.2658,68.56,49,20,9.22
154,Cairns,AU,2022-05-08 17:58:37,-16.9167,145.7667,75.15,93,75,10.36
155,Manokwari,ID,2022-05-08 17:58:38,-0.8667,134.0833,80.62,79,92,3.6
156,Port Alfred,ZA,2022-05-08 17:58:38,-33.5906,26.891,58.17,90,83,4.0
157,Mount Gambier,AU,2022-05-08 17:58:39,-37.8333,140.7667,39.11,100,100,5.75
158,Lasa,IT,2022-05-08 17:58:39,46.6166,10.7002,55.69,97,100,2.19
159,Semenivka,UA,2022-05-08 17:58:40,52.1783,32.5818,54.03,79,82,3.67
160,Esperance,AU,2022-05-08 17:54:21,-33.8667,121.9,55.24,43,7,11.74
161,Hamilton,US,2022-05-08 17:56:14,39.1834,-84.5333,69.21,51,2,4.0
162,Rio Tercero,AR,2022-05-08 17:58:41,-32.173,-64.1141,76.8,36,97,12.53
163,Mogzon,RU,2022-05-08 17:58:42,51.7435,111.9606,46.63,65,73,7.2
164,Vardo,NO,2022-05-08 17:56:59,70.3705,31.1107,31.98,69,0,16.11
165,Ribeira Grande,PT,2022-05-08 17:58:42,38.5167,-28.7,66.6,72,20,11.5
166,Lagoa,PT,2022-05-08 17:58:43,39.05,-27.9833,61.93,71,93,10.18
167,Luderitz,NA,2022-05-08 17:54:09,-26.6481,15.1594,60.13,60,6,15.3
168,Jacareacanga,BR,2022-05-08 17:58:44,-6.2222,-57.7528,85.55,68,27,2.95
169,Gladstone,AU,2022-05-08 17:57:05,-23.85,151.25,69.73,88,40,4.61
170,San Gavino Monreale,IT,2022-05-08 17:58:45,39.5514,8.7917,63.3,89,87,3.74
171,Vila Franca Do Campo,PT,2022-05-08 17:58:45,37.7167,-25.4333,68.41,75,87,2.46
172,Qaanaaq,GL,2022-05-08 17:58:46,77.484,-69.3632,25.75,67,100,2.39
173,Wuwei,CN,2022-05-08 17:58:47,37.9281,102.6414,50.92,61,2,3.94
174,Dubuque,US,2022-05-08 17:58:47,42.4833,-90.8668,56.68,58,100,20.0
175,Toguchin,RU,2022-05-08 17:58:48,55.2353,84.3858,37.04,68,28,4.76
176,Marilia,BR,2022-05-08 17:57:42,-22.2139,-49.9458,84.07,54,0,9.22
177,Sarana,RU,2022-05-08 17:58:49,56.4773,57.7259,47.89,62,8,1.52
178,Comodoro Rivadavia,AR,2022-05-08 17:58:49,-45.8667,-67.5,64.26,27,20,25.32
179,Yantongshan,CN,2022-05-08 17:59:50,43.2919,126.0094,44.49,34,0,3.67
180,Gat,IL,2022-05-08 17:59:50,31.61,34.7642,69.4,37,0,8.01
181,Ust-Ilimsk,RU,2022-05-08 17:59:51,58.0006,102.6619,29.19,69,89,10.87
182,Nikolskoye,RU,2022-05-08 17:59:52,59.7035,30.7861,43.72,76,67,5.35
183,Talnakh,RU,2022-05-08 17:59:52,69.4865,88.3972,3.04,97,38,5.14
184,Floro,NO,2022-05-08 17:59:53,61.5996,5.0328,51.87,66,0,10.36
185,Shingu,JP,2022-05-08 17:59:53,33.7333,135.9833,58.08,70,77,5.39
186,Cockburn Town,TC,2022-05-08 17:59:54,21.4612,-71.1419,82.36,74,40,11.5
187,Churapcha,RU,2022-05-08 17:59:55,62.0025,132.4325,36.09,95,100,7.52
188,Yongan,CN,2022-05-08 17:59:55,39.6957,113.6871,47.73,85,100,6.13
189,Hualmay,PE,2022-05-08 17:59:56,-11.0964,-77.6139,70.27,74,42,10.63
190,Chapais,CA,2022-05-08 17:59:56,49.7834,-74.8492,55.18,41,25,4.72
191,George,ZA,2022-05-08 17:59:57,-33.963,22.4617,54.95,88,0,6.91
192,Salisbury,GB,2022-05-08 17:59:57,51.0693,-1.7957,62.17,80,78,5.73
193,Riohacha,CO,2022-05-08 17:59:58,11.5444,-72.9072,87.91,70,75,9.22
194,Mmathubudukwane,BW,2022-05-08 17:59:59,-24.6,26.4333,65.93,44,25,6.55
195,Praia,CV,2022-05-08 17:59:59,14.9215,-23.5087,77.54,61,20,21.85
196,Tazovskiy,RU,2022-05-08 18:00:00,67.4667,78.7,30.45,97,87,14.32
197,Sitka,US,2022-05-08 18:00:00,57.0531,-135.33,48.02,67,66,4.59
198,Omboue,GA,2022-05-08 18:00:01,-1.5746,9.2618,78.84,89,67,6.4
199,Camana,PE,2022-05-08 18:00:02,-16.6228,-72.7111,70.68,73,22,11.5
200,Rio Gallegos,AR,2022-05-08 18:00:03,-51.6226,-69.2181,48.92,52,5,33.98
201,Bathsheba,BB,2022-05-08 18:00:04,13.2167,-59.5167,82.62,68,75,14.16
202,Tautira,PF,2022-05-08 18:00:05,-17.7333,-149.15,80.44,80,12,9.53
203,Wajid,SO,2022-05-08 18:00:06,3.8093,43.2471,85.23,52,95,14.88
204,Ixtapa,MX,2022-05-08 18:00:07,20.7,-105.2,93.04,31,32,7.99
205,Rio Grande,BR,2022-05-08 18:00:08,-32.035,-52.0986,74.95,70,0,10.18
206,Kutum,SD,2022-05-08 18:00:08,14.2,24.6667,84.36,7,1,6.24
207,Nassau,US,2022-05-08 18:00:09,40.7507,-73.5829,60.15,45,100,8.01
208,Salalah,OM,2022-05-08 18:00:10,17.0151,54.0924,80.87,74,7,3.06
209,Anloga,GH,2022-05-08 18:00:10,5.7947,0.8973,83.73,77,98,13.22
210,Pochutla,MX,2022-05-08 18:00:11,15.7432,-96.4661,90.82,36,23,9.31
211,Cururupu,BR,2022-05-08 18:00:12,-1.8283,-44.8683,80.04,91,89,2.21
212,Dukat,RU,2022-05-08 18:00:12,62.55,155.55,14.02,90,42,5.97
213,Arnoldstein,AT,2022-05-08 18:00:13,46.5461,13.71,59.86,84,100,2.71
214,Elko,US,2022-05-08 18:00:14,41.0002,-115.5012,32.02,56,82,10.13
215,Hobart,AU,2022-05-08 17:56:07,-42.8794,147.3294,43.05,88,21,8.05
216,Iguape,BR,2022-05-08 18:00:15,-24.7081,-47.5553,71.58,69,64,8.34
217,Sao Joao Da Barra,BR,2022-05-08 18:00:15,-21.6403,-41.0511,75.51,69,54,14.25
218,Paka,MY,2022-05-08 18:00:16,4.6374,103.4368,80.64,87,88,6.58
219,Folldal,NO,2022-05-08 18:00:17,62.1325,9.9968,35.83,65,64,3.06
220,Karratha,AU,2022-05-08 18:00:17,-20.7377,116.8463,76.98,53,78,7.09
221,Miass,RU,2022-05-08 18:00:18,55.045,60.1083,47.62,45,64,3.51
222,Richards Bay,ZA,2022-05-08 18:00:18,-28.783,32.0377,67.66,84,99,11.92
223,Avarua,CK,2022-05-08 18:00:19,-21.2078,-159.775,80.62,78,99,8.57
224,Quillota,CL,2022-05-08 18:00:19,-32.8833,-71.2667,57.06,62,70,6.55
225,Juba,SS,2022-05-08 18:01:20,4.8517,31.5825,76.37,78,79,9.84
226,Rommerskirchen,DE,2022-05-08 18:01:21,51.0305,6.7011,66.11,51,9,8.12
227,Vereeniging,ZA,2022-05-08 18:01:22,-26.6731,27.9261,50.97,84,88,7.16
228,Vagur,FO,2022-05-08 18:01:22,61.4732,-6.8119,47.86,93,100,26.26
229,Banjar,ID,2022-05-08 18:01:23,-8.19,114.9675,78.49,90,96,3.09
230,Alofi,NU,2022-05-08 18:01:23,-19.0595,-169.9187,79.92,77,73,13.96
231,Ipswich,GB,2022-05-08 17:57:45,52.0592,1.1555,59.14,68,9,8.84
232,Udachnyy,RU,2022-05-08 18:01:24,66.4167,112.4,12.9,90,100,15.08
233,Duekoue,CI,2022-05-08 18:01:25,6.7472,-7.3496,75.61,94,97,5.26
234,Preston,GB,2022-05-08 18:01:26,53.7667,-2.7167,65.5,69,52,7.74
235,Ostrovnoy,RU,2022-05-08 18:01:26,68.0531,39.5131,31.06,76,45,9.64
236,Warri,NG,2022-05-08 18:01:27,5.5167,5.75,79.72,87,100,6.2
237,Turukhansk,RU,2022-05-08 18:01:28,65.8167,87.9833,6.57,98,61,3.44
238,Fergus Falls,US,2022-05-08 18:01:28,46.283,-96.0776,64.38,72,40,19.57
239,Mayo,US,2022-05-08 18:01:29,38.8876,-76.5119,53.71,58,100,12.66
240,Lompoc,US,2022-05-08 18:00:03,34.6391,-120.4579,70.57,60,6,11.99
241,Ocu,JP,2022-05-08 18:01:30,35.0044,135.8683,56.05,80,70,2.91
242,Kodiak,US,2022-05-08 18:01:30,57.79,-152.4072,42.03,64,63,8.16
243,Yacuiba,BO,2022-05-08 18:01:31,-22.038,-63.6797,74.89,51,92,8.19
244,Anadyr,RU,2022-05-08 18:01:32,64.75,177.4833,23.72,96,89,8.3
245,Caiaponia,BR,2022-05-08 18:01:32,-16.9567,-51.8103,88.25,32,0,4.56
246,Zakamensk,RU,2022-05-08 18:01:33,50.3741,103.2863,33.03,89,100,7.63
247,Sandnessjoen,NO,2022-05-08 18:01:34,66.0217,12.6316,38.64,92,100,5.99
248,Yar-Sale,RU,2022-05-08 18:01:34,66.8333,70.8333,35.2,100,100,11.18
249,Codrington,AU,2022-05-08 18:01:35,-38.2667,141.9667,46.26,85,25,5.19
250,Champerico,GT,2022-05-08 18:01:36,14.3,-91.9167,87.17,66,85,9.89
251,Billings,US,2022-05-08 17:57:54,45.7833,-108.5007,53.29,50,62,10.0
252,Saint-Philippe,RE,2022-05-08 18:01:36,-21.3585,55.7679,72.99,82,41,7.76
253,Okhotsk,RU,2022-05-08 18:01:37,59.3833,143.3,32.81,87,13,4.0
254,Ponta Do Sol,PT,2022-05-08 18:01:38,32.6667,-17.1,69.71,70,25,4.97
255,Klaksvik,FO,2022-05-08 18:01:39,62.2266,-6.589,47.32,96,100,22.12
256,Madinat Sittah Uktubar,EG,2022-05-08 18:01:39,29.8167,31.05,82.0,12,69,13.04
257,Syracuse,IT,2022-05-08 18:01:40,37.0881,15.2792,61.97,81,33,4.54
258,Barrow,US,2022-05-08 18:00:02,71.2906,-156.7887,20.52,87,53,7.96
259,Yeniseysk,RU,2022-05-08 18:01:41,58.4497,92.1703,27.64,67,72,5.39
260,Ola,RU,2022-05-08 18:01:41,59.5833,151.2833,29.93,89,73,7.4
261,Touros,BR,2022-05-08 18:01:42,-5.1989,-35.4608,82.45,73,92,13.02
262,Jamestown,US,2022-05-08 17:57:12,42.097,-79.2353,64.53,24,0,8.01
263,Vaxjo,SE,2022-05-08 18:01:43,56.8777,14.8091,53.65,56,40,8.05
264,Zaysan,KZ,2022-05-08 18:01:44,47.4667,84.8667,46.67,29,67,3.18
265,Namibe,AO,2022-05-08 18:01:44,-15.1961,12.1522,73.85,67,0,10.49
266,Marsa Matruh,EG,2022-05-08 18:01:45,31.3525,27.2453,67.6,68,10,18.95
267,Torbay,CA,2022-05-08 18:01:45,47.6666,-52.7314,48.88,58,18,3.0
268,Matara,LK,2022-05-08 18:02:46,5.9485,80.5353,81.88,86,100,13.69
269,Castro,BR,2022-05-08 18:02:06,-24.7911,-50.0119,67.84,55,14,4.83
270,Suluq,LY,2022-05-08 18:01:42,31.6682,20.2521,69.01,44,2,14.14
271,Hami,CN,2022-05-08 18:02:47,42.8,93.45,68.34,34,22,4.92
272,Alexandroupoli,GR,2022-05-08 18:02:48,40.8475,25.8744,64.22,52,0,4.61
273,Tessalit,ML,2022-05-08 18:02:16,20.1986,1.0114,90.88,5,0,9.22
274,Inhambane,MZ,2022-05-08 18:02:49,-23.865,35.3833,72.57,83,9,7.94
275,Methoni,GR,2022-05-08 18:02:50,36.8197,21.7049,66.06,79,88,5.59
276,Wichita Falls,US,2022-05-08 17:59:09,33.9137,-98.4934,101.41,31,0,13.8
277,Trelew,AR,2022-05-08 17:57:59,-43.249,-65.3051,66.29,23,100,27.76
278,Sao Gabriel Da Cachoeira,BR,2022-05-08 18:02:51,-0.1303,-67.0892,78.4,91,89,4.21
279,Matagami,CA,2022-05-08 18:02:35,49.7502,-77.6328,62.67,26,35,7.45
280,Oranjemund,NA,2022-05-08 18:02:52,-28.55,16.4333,56.57,80,26,13.69
281,Pacific Grove,US,2022-05-08 18:02:52,36.6177,-121.9166,62.42,69,0,14.97
282,Bandar-E Lengeh,IR,2022-05-08 18:02:53,26.5579,54.8807,84.09,60,0,12.75
283,Meulaboh,ID,2022-05-08 18:02:54,4.1363,96.1285,78.3,86,100,3.22
284,Severo-Kurilsk,RU,2022-05-08 18:02:54,50.6789,156.125,38.71,95,100,19.15
285,Xam Nua,LA,2022-05-08 18:02:55,20.4197,104.0439,66.38,99,95,2.1
286,North Bend,US,2022-05-08 18:02:55,43.4065,-124.2243,45.25,93,100,0.0
287,Waipawa,NZ,2022-05-08 18:02:56,-41.4122,175.5153,58.59,80,99,12.53
288,Funtua,NG,2022-05-08 18:02:57,11.5233,7.3081,93.72,25,62,4.68
289,Beloha,MG,2022-05-08 18:02:37,-25.1667,45.05,71.78,82,73,1.97
290,Santacruz,CO,2022-05-08 18:02:58,1.5209,-77.2621,73.17,59,63,3.13
291,Port Shepstone,ZA,2022-05-08 18:02:58,-30.7414,30.455,66.11,71,96,11.39
292,Ilulissat,GL,2022-05-08 18:02:59,69.2167,-51.1,30.22,69,0,3.44
293,Pevek,RU,2022-05-08 18:02:59,69.7008,170.3133,24.4,96,100,12.12
294,Qeshm,IR,2022-05-08 18:03:00,26.9581,56.2719,94.87,60,0,15.46
295,Fayetteville,US,2022-05-08 18:01:53,35.0527,-78.8784,54.18,73,100,11.5
296,Aswan,EG,2022-05-08 18:03:01,24.0934,32.907,90.93,12,1,10.63
297,Isangel,VU,2022-05-08 18:03:01,-19.55,169.2667,73.17,76,25,11.7
298,Cherskiy,RU,2022-05-08 18:03:02,68.75,161.3,14.41,94,93,4.52
299,Chau Doc,VN,2022-05-08 18:03:03,10.7,105.1167,78.96,88,100,4.76
300,Henties Bay,NA,2022-05-08 18:03:03,-22.116,14.2845,60.46,68,0,8.48
301,Acajutla,SV,2022-05-08 18:03:04,13.5928,-89.8275,86.54,66,87,7.81
302,Los Llanos De Aridane,ES,2022-05-08 18:03:05,28.6585,-17.9182,65.95,73,75,14.97
303,Bethel,US,2022-05-08 18:00:10,41.3712,-73.414,59.05,48,100,4.0
304,Taian,CN,2022-05-08 18:00:18,36.1853,117.12,48.54,70,100,3.18
305,Praya,CV,2022-05-08 17:59:59,14.9215,-23.5087,77.54,61,20,21.85
306,Fairbanks,US,2022-05-08 18:00:02,64.8378,-147.7164,40.08,73,100,1.99
307,Nigran,ES,2022-05-08 18:03:07,42.1415,-8.8066,77.77,53,0,6.91
308,Pangnirtung,CA,2022-05-08 18:03:07,66.1451,-65.7125,26.49,85,10,4.32
309,Husavik,IS,2022-05-08 18:03:08,66.0449,-17.3389,43.81,86,100,4.03
310,Qui Nhon,VN,2022-05-08 18:03:09,13.7667,109.2333,77.68,90,98,4.47
311,Rocha,UY,2022-05-08 18:03:09,-34.4833,-54.3333,70.68,51,6,10.22
312,Muyezerskiy,RU,2022-05-08 18:03:10,63.9333,31.65,36.27,74,71,4.9
313,Outjo,NA,2022-05-08 18:01:25,-20.1167,16.15,65.48,27,0,3.04
314,Trincomalee,LK,2022-05-08 18:04:11,8.5711,81.2335,83.97,79,100,18.21
315,Bilma,NE,2022-05-08 18:04:12,18.6853,12.9164,98.31,10,99,7.0
316,Baruun-Urt,MN,2022-05-08 18:04:12,46.6806,113.2792,48.83,22,8,10.96
317,Crestview,US,2022-05-08 18:00:22,30.7621,-86.5705,86.77,48,16,4.0
318,Ozernovskiy,RU,2022-05-08 18:04:13,51.5,156.5167,40.6,90,100,15.79
319,Caravelas,BR,2022-05-08 18:04:13,-17.7125,-39.2481,75.25,85,100,9.08
320,Bela,IN,2022-05-08 18:04:14,25.9333,81.9833,90.16,29,2,8.05
321,Puerto Del Rosario,ES,2022-05-08 18:04:15,28.5004,-13.8627,71.35,73,0,14.97
322,Chuy,UY,2022-05-08 18:04:15,-33.6971,-53.4616,68.76,54,19,8.08
323,Waingapu,ID,2022-05-08 18:04:16,-9.6567,120.2641,78.78,84,24,10.13
324,Yangambi,CD,2022-05-08 18:04:16,0.8102,24.4336,74.28,83,92,1.99
325,Kyabe,TD,2022-05-08 18:04:17,9.4515,18.9449,95.25,24,65,4.63
326,Broken Hill,AU,2022-05-08 18:04:18,-31.95,141.4333,49.89,70,0,8.32
327,Lorengau,PG,2022-05-08 18:04:18,-2.0226,147.2712,83.07,76,91,12.68
328,Hobyo,SO,2022-05-08 18:04:19,5.3505,48.5268,83.35,83,89,19.04
329,Gallup,US,2022-05-08 18:04:19,35.5281,-108.7426,72.36,20,0,29.93
330,Sao Felix Do Xingu,BR,2022-05-08 18:00:39,-6.6447,-51.995,88.97,52,68,4.47
331,Avera,US,2022-05-08 18:02:50,33.194,-82.5271,69.31,58,100,8.57
332,Tuatapere,NZ,2022-05-08 18:04:20,-46.1333,167.6833,50.05,94,66,2.91
333,Deputatskiy,RU,2022-05-08 18:04:21,69.3,139.9,12.58,99,100,3.8
334,Koygorodok,RU,2022-05-08 18:04:22,60.445,50.9968,51.89,55,62,10.69
335,Necochea,AR,2022-05-08 18:00:06,-38.5473,-58.7368,74.34,50,10,18.01
336,Biak,ID,2022-05-08 18:04:22,-0.9131,122.8766,77.2,86,96,6.44
337,Morondava,MG,2022-05-08 18:04:23,-20.2833,44.2833,77.41,77,0,11.61
338,Agen,FR,2022-05-08 18:04:24,44.2,0.6333,77.09,36,0,5.75
339,Laguna,US,2022-05-08 18:04:25,38.421,-121.4238,64.06,36,20,11.5
340,Kuryk,KZ,2022-05-08 18:04:25,43.2,51.65,57.99,86,83,20.96
341,Jalu,LY,2022-05-08 18:04:26,29.0331,21.5482,79.66,21,0,13.82
342,Kruisfontein,ZA,2022-05-08 18:04:27,-34.0033,24.7314,54.88,68,50,2.57
343,Opuwo,NA,2022-05-08 18:04:27,-18.0607,13.84,70.36,31,0,3.47
344,Emerald,AU,2022-05-08 18:04:28,-23.5333,148.1667,65.34,66,100,13.58
345,Nouadhibou,MR,2022-05-08 18:04:29,20.931,-17.0347,65.21,88,4,20.6
346,Lavrentiya,RU,2022-05-08 18:04:29,65.5833,-171.0,29.88,96,100,5.75
347,Skagen,DK,2022-05-08 18:04:30,57.7209,10.5839,50.25,58,23,7.99
348,Flinders,AU,2022-05-08 18:04:31,-34.5833,150.8552,58.17,86,47,3.0
349,Calca,PE,2022-05-08 18:04:31,-13.3333,-71.95,70.95,55,90,3.53
350,Fort Nelson,CA,2022-05-08 18:04:32,58.8053,-122.7002,34.21,95,100,13.58
351,Suntar,RU,2022-05-08 18:04:33,62.1444,117.6319,32.22,85,97,10.38
352,Kavaratti,IN,2022-05-08 18:04:33,10.5669,72.642,84.97,72,99,14.32
353,Maceio,BR,2022-05-08 18:04:34,-9.6658,-35.7353,83.64,65,75,11.5
354,Palana,RU,2022-05-08 18:04:34,59.1167,159.9667,31.08,93,100,3.98
355,Deer Lake,CA,2022-05-08 18:00:22,49.1667,-57.4316,47.25,39,2,9.73
356,Dhule,IN,2022-05-08 18:04:35,20.9,74.7833,97.16,18,80,15.75
357,Roma,US,2022-05-08 18:04:36,43.2128,-75.4557,67.37,23,0,5.01
358,Severomuysk,RU,2022-05-08 18:04:36,56.1481,113.4267,20.7,87,100,7.31
359,Sao Filipe,CV,2022-05-08 18:04:37,14.8961,-24.4956,72.63,79,10,9.46
360,Riberalta,BO,2022-05-08 18:04:38,-10.9833,-66.1,89.8,51,40,6.91
361,San Patricio,US,2022-05-08 18:05:38,28.017,-97.5169,94.15,45,6,19.24
362,Ramachandrapuram,IN,2022-05-08 18:05:39,16.85,82.0167,82.81,81,90,7.43
363,Atar,MR,2022-05-08 18:05:39,20.5169,-13.0499,104.97,10,58,5.01
364,Mandiana,GN,2022-05-08 18:05:40,10.6333,-8.6833,95.4,31,99,3.85
365,Dalby,AU,2022-05-08 18:05:41,-27.1833,151.2667,61.99,90,100,11.56
366,Sinnamary,GF,2022-05-08 18:05:41,5.3833,-52.95,82.24,72,41,11.18
367,Inuvik,CA,2022-05-08 18:05:42,68.3499,-133.7218,37.36,86,58,11.48
368,Vung Tau,VN,2022-05-08 18:05:42,10.346,107.0843,82.85,79,100,16.62
369,Moranbah,AU,2022-05-08 18:05:43,-22.0016,148.0466,65.03,96,100,8.32
370,Dauphin,CA,2022-05-08 18:05:44,51.1494,-100.0502,62.35,37,2,11.34
371,Zhezkazgan,KZ,2022-05-08 18:05:44,47.8043,67.7144,57.36,27,75,17.31
372,Sur,OM,2022-05-08 18:05:45,22.5667,59.5289,89.4,42,0,6.06
373,Kieta,PG,2022-05-08 18:05:45,-6.2167,155.6333,78.49,88,69,3.44
374,Phonhong,LA,2022-05-08 18:05:46,18.5007,102.4166,74.8,88,65,2.35
375,Sant Feliu De Guixols,ES,2022-05-08 18:05:47,41.7833,3.0333,70.92,43,72,1.1
376,Ayan,RU,2022-05-08 18:05:29,56.45,138.1667,31.01,95,77,8.03
377,Mareeba,AU,2022-05-08 18:05:47,-17.0,145.4333,70.52,93,75,5.17
378,Bay City,US,2022-05-08 18:01:27,43.5945,-83.8889,68.0,37,0,10.36
379,Shiyan,CN,2022-05-08 18:05:48,32.6475,110.7781,60.62,61,99,7.99
380,Miri,MY,2022-05-08 18:05:49,4.4148,114.0089,77.9,90,97,2.73
381,Karangasem,ID,2022-05-08 18:05:49,-8.45,115.6167,78.62,88,95,3.31
382,Tommot,RU,2022-05-08 18:05:50,58.9564,126.2925,38.75,98,100,7.52
383,Upata,VE,2022-05-08 18:05:51,8.0086,-62.3989,76.19,72,100,3.56
384,Kloulklubed,PW,2022-05-08 18:05:51,7.0419,134.2556,75.7,84,100,17.27
385,Fare,PF,2022-05-08 18:05:52,-16.7,-151.0167,81.45,77,4,11.41
386,Santiago Del Estero,AR,2022-05-08 18:01:34,-27.7951,-64.2615,70.23,55,100,9.75
387,Herat,AF,2022-05-08 18:05:53,34.5,62.0,76.62,34,83,9.98
388,Qazvin,IR,2022-05-08 18:05:54,36.2797,50.0049,54.05,66,20,12.08
389,Conselheiro Pena,BR,2022-05-08 18:05:55,-19.1722,-41.4722,84.31,45,4,3.0
390,Terme,TR,2022-05-08 18:05:55,41.2092,36.9739,51.73,93,100,8.72
391,Geraldton,AU,2022-05-08 18:05:56,-28.7667,114.6,57.61,94,0,3.44
392,Glenwood Springs,US,2022-05-08 18:05:57,39.5505,-107.3248,71.4,21,59,1.99
393,Novyy Urengoy,RU,2022-05-08 18:03:22,66.0833,76.6333,33.15,98,100,13.13
394,Caririacu,BR,2022-05-08 18:05:57,-7.0422,-39.2836,80.42,51,99,6.08
395,Sulphur Springs,US,2022-05-08 18:05:58,33.1385,-95.6011,89.91,62,40,12.66
396,Taoudenni,ML,2022-05-08 18:05:59,22.6783,-3.9836,96.66,5,21,11.99
397,Padang,ID,2022-05-08 18:06:00,-0.9492,100.3543,77.05,85,99,4.18
398,Calabozo,VE,2022-05-08 18:06:00,8.9242,-67.4293,89.69,43,93,5.39
399,Bosaso,SO,2022-05-08 18:06:01,11.2842,49.1816,84.2,72,6,0.4
400,Saint George,US,2022-05-08 18:06:02,37.1041,-113.5841,80.64,12,0,12.66
401,Puerto Escondido,MX,2022-05-08 18:06:02,15.85,-97.0667,89.17,50,30,8.16
402,Alta Floresta,BR,2022-05-08 18:06:03,-9.8756,-56.0861,87.24,58,46,3.62
403,Hithadhoo,MV,2022-05-08 18:06:04,-0.6,73.0833,84.43,77,65,19.73
404,Bandarbeyla,SO,2022-05-08 18:06:05,9.4942,50.8122,83.25,83,2,9.91
405,Placido De Castro,BR,2022-05-08 18:06:06,-10.3353,-67.1856,92.89,39,21,0.34
406,Puerto Colombia,CO,2022-05-08 18:06:07,10.9878,-74.9547,91.49,73,58,14.61
407,Sayyan,YE,2022-05-08 18:06:07,15.1718,44.3244,70.92,26,77,9.57
408,Kismayo,SO,2022-05-08 18:06:08,-0.3582,42.5454,80.92,83,91,14.47
409,Parabel,RU,2022-05-08 18:07:09,58.6978,81.4825,33.4,54,9,5.73
410,Axim,GH,2022-05-08 18:07:10,4.8699,-2.2405,81.63,78,99,9.08
411,Skibbereen,IE,2022-05-08 18:07:11,51.55,-9.2667,55.11,86,100,11.9
412,Mandalgovi,MN,2022-05-08 18:07:12,45.7625,106.2708,62.47,22,100,20.85
413,Agrestina,BR,2022-05-08 18:07:13,-8.4581,-35.9447,77.59,75,76,12.75
414,Norman Wells,CA,2022-05-08 18:07:13,65.282,-126.8329,40.1,65,100,0.38
415,Gurupa,BR,2022-05-08 18:07:14,-1.405,-51.64,80.8,91,94,2.57
416,Uyuni,BO,2022-05-08 18:07:15,-20.4597,-66.825,54.37,18,0,23.58
417,Zapolyarnyy,RU,2022-05-08 18:07:16,69.4154,30.8136,33.08,80,87,3.27
418,Gornopravdinsk,RU,2022-05-08 18:07:16,60.05,69.9,45.09,88,63,5.37
419,Neyshabur,IR,2022-05-08 18:07:17,36.2133,58.7958,61.72,66,42,3.62
420,Xinzhou,CN,2022-05-08 18:07:18,38.4092,112.7333,50.14,75,100,3.78
421,Xichang,CN,2022-05-08 18:04:44,27.8964,102.2634,67.73,76,100,1.97
422,Zabol,AF,2022-05-08 18:07:19,32.25,67.25,73.51,20,0,5.35
423,Makakilo City,US,2022-05-08 18:07:19,21.3469,-158.0858,75.52,67,75,17.27
424,Odienne,CI,2022-05-08 18:07:20,9.51,-7.5692,90.07,43,64,5.28
425,Minab,IR,2022-05-08 18:07:21,27.1467,57.0801,87.33,39,0,7.4
426,Kirovskiy,RU,2022-05-08 18:07:22,45.0917,133.5136,39.47,61,44,5.5
427,Phulabani,IN,2022-05-08 18:07:22,20.4667,84.2333,75.81,72,82,7.11
428,Noumea,NC,2022-05-08 18:07:23,-22.2763,166.4572,73.99,99,99,7.81
429,Carson City,US,2022-05-08 18:05:14,39.1638,-119.7674,52.3,27,20,27.63
430,Coihaique,CL,2022-05-08 18:03:04,-45.5752,-72.0662,49.05,75,45,12.68
431,Adre,TD,2022-05-08 18:07:25,13.4667,22.2,89.92,9,6,4.43
432,Chacabuco,AR,2022-05-08 18:07:25,-34.6417,-60.4739,76.06,41,90,10.96
433,The Pas,CA,2022-05-08 18:07:26,53.8251,-101.2541,53.76,50,99,16.26
434,Olafsvik,IS,2022-05-08 18:07:27,64.8945,-23.7142,45.72,90,100,15.17
435,Mae Ramat,TH,2022-05-08 18:07:28,16.984,98.5166,76.03,94,96,1.7
436,Havelock,US,2022-05-08 18:07:29,34.8791,-76.9013,57.18,86,100,14.97
437,Egvekinot,RU,2022-05-08 18:07:29,66.3167,-179.1667,24.96,96,100,1.92
438,Catamarca,AR,2022-05-08 18:07:30,-28.4696,-65.7852,71.58,53,100,1.99
439,Kiruna,SE,2022-05-08 18:07:31,67.8557,20.2251,32.92,60,0,6.91
440,Santo Antonio Do Sudoeste,BR,2022-05-08 18:07:31,-26.0736,-53.7253,69.49,56,1,3.69
441,Jalingo,NG,2022-05-08 18:07:32,8.8833,11.3667,89.38,52,92,3.56
442,Mae Hong Son,TH,2022-05-08 18:07:33,19.3003,97.9685,74.73,98,99,1.28
443,Taltal,CL,2022-05-08 18:06:22,-25.4,-70.4833,64.45,63,9,4.25
444,Burladingen,DE,2022-05-08 18:07:33,48.2833,9.1167,57.29,69,58,5.14
445,Naze,JP,2022-05-08 18:07:34,28.3667,129.4833,68.29,95,100,8.05
446,Ulladulla,AU,2022-05-08 18:07:35,-35.35,150.4667,49.77,82,78,8.01
447,Batagay-Alyta,RU,2022-05-08 18:07:36,67.8006,130.4114,22.8,94,100,3.85
448,Shumskiy,RU,2022-05-08 18:07:37,54.8318,99.1328,32.85,58,71,10.16
449,Plettenberg Bay,ZA,2022-05-08 18:05:33,-34.0527,23.3716,57.29,71,85,5.1
450,Krutikha,RU,2022-05-08 18:07:37,53.9599,81.2093,40.55,80,55,3.06
451,Korla,CN,2022-05-08 18:05:31,41.7597,86.1469,68.79,42,0,13.91
452,Half Moon Bay,US,2022-05-08 18:07:38,37.4636,-122.4286,62.42,66,75,23.02
453,Batticaloa,LK,2022-05-08 18:06:15,7.7102,81.6924,84.38,76,100,5.88
454,Khor,RU,2022-05-08 18:07:39,47.8861,134.9464,40.1,70,79,7.54
455,Wilmington,US,2022-05-08 18:06:12,34.2257,-77.9447,60.71,70,100,14.97
456,Kasempa,ZM,2022-05-08 18:08:40,-13.4584,25.8338,66.27,61,52,2.91
457,Shenjiamen,CN,2022-05-08 18:08:40,29.9576,122.298,60.39,91,10,7.96
458,Great Bend,US,2022-05-08 18:08:41,38.3645,-98.7648,79.03,73,75,5.75
459,Nieuw Amsterdam,SR,2022-05-08 18:08:41,5.8833,-55.0833,90.14,58,40,10.36
460,Lawton,US,2022-05-08 18:05:15,34.6087,-98.3903,98.08,20,0,17.0
461,Najran,SA,2022-05-08 18:08:42,17.4924,44.1277,84.87,14,3,5.32
462,Promyshlennaya,RU,2022-05-08 18:08:43,54.9159,85.6385,38.35,55,62,5.23
463,San Rafael,AR,2022-05-08 18:08:43,-34.6177,-68.3301,76.82,17,7,15.73
464,Tenenkou,ML,2022-05-08 18:08:44,14.4572,-4.9169,106.66,8,56,15.97
465,Qaqortoq,GL,2022-05-08 18:08:44,60.7167,-46.0333,38.1,80,100,2.66
466,Bereda,ES,2022-05-08 18:08:45,43.2686,-7.5406,70.41,57,19,5.53
467,San Policarpo,PH,2022-05-08 18:08:46,12.1791,125.5072,81.55,70,63,11.36
468,Vostok,RU,2022-05-08 18:08:46,46.4856,135.8833,30.81,89,81,5.17
469,Nanchang,CN,2022-05-08 18:08:47,28.6833,115.8833,69.71,95,100,2.21
470,Raahe,FI,2022-05-08 18:08:47,64.6833,24.4833,41.09,72,15,8.57
471,Agadir,MA,2022-05-08 18:08:44,30.4202,-9.5982,100.85,25,3,9.08
472,Tecoanapa,MX,2022-05-08 18:08:48,16.5167,-98.75,85.24,60,7,10.83
473,Dores Do Indaia,BR,2022-05-08 18:08:49,-19.4633,-45.6017,81.61,44,28,5.19
474,Oktyabrskoye,RU,2022-05-08 18:08:49,43.0645,44.7417,44.74,100,100,8.95
475,Lenexa,US,2022-05-08 18:08:25,38.9536,-94.7336,71.4,65,100,23.02
476,Kamra,PK,2022-05-08 18:08:50,33.7473,73.5111,80.96,33,1,10.63
477,Cochrane,CA,2022-05-08 18:03:52,51.1834,-114.4687,46.0,70,100,6.11
478,Chabahar,IR,2022-05-08 18:08:51,25.2919,60.643,82.85,71,0,7.4
479,Beneditinos,BR,2022-05-08 18:08:52,-5.45,-42.3667,88.88,53,100,2.95
480,Kousseri,CM,2022-05-08 18:08:52,12.0769,15.0306,100.62,19,100,9.13
481,Okha,RU,2022-05-08 18:08:21,53.5739,142.9478,31.44,99,100,14.03
482,Clyde,US,2022-05-08 18:08:19,41.3042,-82.9752,65.28,45,1,10.42
483,Alyangula,AU,2022-05-08 18:08:53,-13.8483,136.4192,78.46,85,4,9.35
484,Port Hardy,CA,2022-05-08 18:08:54,50.6996,-127.4199,45.7,74,52,10.04
485,Khilchipur,IN,2022-05-08 18:08:54,24.0333,76.5667,94.77,13,1,2.89
486,Chengde,CN,2022-05-08 18:08:55,40.9725,117.9361,45.72,76,90,1.66
487,San Pedro,PH,2022-05-08 18:08:55,14.35,121.0167,83.43,72,20,3.44
488,Houston,US,2022-05-08 18:05:11,29.7633,-95.3633,95.31,57,20,17.27
489,Carupano,VE,2022-05-08 18:08:56,10.6678,-63.2585,85.64,65,18,16.49
490,San Cristobal,VE,2022-05-08 18:08:57,7.7669,-72.225,82.58,50,54,7.81
491,Nador,MA,2022-05-08 18:08:57,35.174,-2.9287,71.85,46,0,3.44
492,Viseu,PT,2022-05-08 18:08:31,40.661,-7.9097,79.86,42,34,6.82
493,Manjacaze,MZ,2022-05-08 18:08:58,-24.7117,33.8828,69.22,90,4,7.0
494,Paracuru,BR,2022-05-08 18:08:59,-3.41,-39.0306,83.1,86,100,8.79
495,Ust-Uda,RU,2022-05-08 18:08:59,54.1742,103.0304,31.57,62,80,9.66
496,Caraballeda,VE,2022-05-08 18:09:00,10.6112,-66.8522,87.85,82,75,6.91
497,Bati,ET,2022-05-08 18:09:01,11.1833,40.0167,74.98,40,27,0.72
498,Bardiyah,LY,2022-05-08 18:09:01,31.7561,25.0865,66.56,78,0,23.91
499,Dumai,ID,2022-05-08 18:10:03,1.6833,101.45,76.3,97,98,3.06
500,Mitu,CO,2022-05-08 18:09:11,1.1983,-70.1733,74.34,94,100,2.8
501,Dobris,CZ,2022-05-08 18:10:04,49.7811,14.1672,61.86,79,47,7.67
502,Santa Vitoria Do Palmar,BR,2022-05-08 18:06:36,-33.5189,-53.3681,68.76,55,20,7.38
503,Muzhi,RU,2022-05-08 18:10:06,65.3667,64.6667,38.05,100,97,7.9
504,Mabaruma,GY,2022-05-08 18:10:07,8.2,-59.7833,79.72,93,70,5.77
505,Samarai,PG,2022-05-08 18:10:07,-10.6167,150.6667,82.04,82,63,13.78
506,Batagay,RU,2022-05-08 18:10:08,67.6333,134.6333,27.93,91,100,6.89
507,Litovko,RU,2022-05-08 18:10:08,49.2361,135.1742,41.63,61,100,6.49
508,San Andres,CO,2022-05-08 18:10:09,12.5847,-81.7006,87.82,70,20,9.22
509,Tual,ID,2022-05-08 18:10:09,-5.6667,132.75,84.24,78,100,9.98
510,Colac,AU,2022-05-08 18:10:10,-38.3333,143.5833,47.84,88,54,1.66
511,Katsuura,JP,2022-05-08 18:09:17,35.1333,140.3,60.71,66,100,10.31
512,Urumqi,CN,2022-05-08 18:08:02,43.801,87.6005,61.75,42,0,8.95
513,Saint-Ambroise,CA,2022-05-08 18:10:11,48.5501,-71.3324,60.58,33,4,1.86
514,Tezu,IN,2022-05-08 18:10:12,27.9167,96.1667,73.54,75,0,5.14
515,Petropavlovsk-Kamchatskiy,RU,2022-05-08 18:10:13,53.0452,158.6483,37.78,100,100,7.65
516,Arman,RU,2022-05-08 18:10:14,59.7,150.1667,31.71,85,76,5.48
517,Baringo,KE,2022-05-08 18:10:14,0.4667,35.9667,76.46,58,99,1.23
518,Morant Bay,JM,2022-05-08 18:10:15,17.8815,-76.4093,87.71,65,58,10.18
519,Livingston,GB,2022-05-08 18:10:16,55.9029,-3.5226,61.16,58,20,12.66
520,Seymchan,RU,2022-05-08 18:10:16,62.8833,152.4333,23.23,93,12,4.32
521,Sharan,RU,2022-05-08 18:10:17,54.8167,54.0,49.55,50,81,1.7
522,Gainesville,US,2022-05-08 18:07:01,29.6516,-82.3248,88.02,43,40,9.22
523,La Asuncion,VE,2022-05-08 18:10:18,11.0333,-63.8628,82.45,72,13,13.62
524,Andenes,NO,2022-05-08 18:10:18,69.3143,16.1194,35.58,80,100,11.5
525,Vanavara,RU,2022-05-08 18:10:19,60.34,102.2797,26.69,87,100,12.01
526,Faya,SA,2022-05-08 18:10:19,18.3851,42.4509,68.52,55,4,3.29
527,Itarema,BR,2022-05-08 18:08:12,-2.9248,-39.9167,80.8,86,98,12.06
528,Coria,ES,2022-05-08 18:10:20,39.9879,-6.5377,85.44,32,71,3.53
529,Westport,US,2022-05-08 18:10:21,41.1415,-73.3579,60.62,36,75,19.57
530,Vestmannaeyjar,IS,2022-05-08 18:10:22,63.4427,-20.2734,47.39,100,100,24.16
531,Beohari,IN,2022-05-08 18:10:22,24.05,81.3833,87.4,20,0,8.52
532,Pavullo Nel Frignano,IT,2022-05-08 18:10:24,44.3315,10.835,57.0,93,98,2.3
533,Karlstad,SE,2022-05-08 18:10:25,59.3793,13.5036,52.36,35,88,8.05
534,Keti Bandar,PK,2022-05-08 18:10:26,24.1447,67.4497,81.68,80,0,11.9
535,Ruteng,ID,2022-05-08 18:10:26,-8.6136,120.4721,64.8,96,76,2.48
536,Chupa,RU,2022-05-08 18:10:27,66.27,33.0549,35.49,84,77,1.14
537,Hervey Bay,AU,2022-05-08 18:10:27,-25.2986,152.8535,71.06,85,100,10.42
538,Tari,NG,2022-05-08 18:10:28,12.4086,4.4914,97.81,24,72,5.35
539,Ballina,AU,2022-05-08 18:10:29,-28.8667,153.5667,60.01,96,100,11.25
540,Namatanai,PG,2022-05-08 18:10:29,-3.6667,152.4333,80.28,83,99,10.29
541,Pamanukan,ID,2022-05-08 18:07:32,-6.2842,107.8106,79.16,88,100,2.86
542,Warrington,GB,2022-05-08 18:10:30,53.3925,-2.5802,66.79,62,20,10.36
543,Jimo,CN,2022-05-08 18:10:31,36.3897,120.4622,46.83,82,79,5.66
544,Merrill,US,2022-05-08 18:10:31,45.1805,-89.6835,58.77,51,0,8.05
545,Manggar,ID,2022-05-08 18:10:32,-2.8833,108.2667,82.65,79,100,6.31
546,Ulagan,RU,2022-05-08 18:11:32,50.6321,87.9563,23.74,97,42,1.21
547,Srednekolymsk,RU,2022-05-08 18:11:33,67.45,153.6833,22.23,88,89,7.43
548,Roald,NO,2022-05-08 18:11:34,62.5833,6.1333,52.72,71,0,8.05
549,Atocha,BO,2022-05-08 18:11:35,-20.9333,-66.2333,52.72,18,1,33.17
550,Tucuman,AR,2022-05-08 18:11:35,-26.8241,-65.2226,68.0,68,75,2.3
551,Ayna,PE,2022-05-08 18:11:36,-12.65,-73.9167,69.87,65,81,4.0
552,Mosetse,BW,2022-05-08 18:11:37,-20.75,26.65,70.84,25,9,8.37
553,Glendive,US,2022-05-08 18:11:38,47.1053,-104.7125,61.7,48,20,12.66
554,Jibuti,DJ,2022-05-08 18:07:21,11.5,42.5,83.21,52,49,10.47
555,Hermon,US,2022-05-08 18:11:39,44.8101,-68.9134,63.55,34,100,6.91
556,Emba,KZ,2022-05-08 18:09:20,48.8264,58.1442,55.99,31,95,16.75
557,Temir,KZ,2022-05-08 18:11:39,49.1414,57.13,55.65,33,99,14.74
