City_ID,City,Lat,Lng,Max Temp,Humidity,Cloudiness,Wind Speed,Country,Date,Description
0,Cherskiy,68.75,161.3,20.68,94,100,9.46,RU,2022-05-08 19:39:41,light snow
1,Camana,-16.6228,-72.7111,70.47,73,52,10.63,PE,2022-05-08 19:39:42,broken clouds
2,Sakakah,29.9697,40.2064,71.17,16,51,7.02,SA,2022-05-08 19:39:42,broken clouds
3,Seia,40.4151,-7.7086,62.1,62,6,1.9,PT,2022-05-08 19:39:43,clear sky
4,Belmonte,-15.8631,-38.8828,75.92,85,90,10.69,BR,2022-05-08 19:39:43,overcast clouds
5,Kurayoshi,35.4333,133.8167,54.23,70,100,7.36,JP,2022-05-08 19:39:44,overcast clouds
6,Vanavara,60.34,102.2797,25.97,88,100,10.13,RU,2022-05-08 19:39:45,overcast clouds
7,Waitara,-38.925,174.25,64.49,81,100,15.26,NZ,2022-05-08 19:39:45,overcast clouds
8,Rincon,32.296,-81.2354,72.86,56,75,5.75,US,2022-05-08 19:39:46,broken clouds
9,Korem,12.5058,39.5228,60.39,58,1,2.1,ET,2022-05-08 19:39:46,clear sky
10,Arman,59.7,150.1667,34.75,78,81,4.25,RU,2022-05-08 19:39:47,broken clouds
11,Punta Alta,-38.8759,-62.0736,73.24,39,0,9.44,AR,2022-05-08 19:39:47,clear sky
12,Kudahuvadhoo,2.6708,72.8944,84.29,78,100,19.42,MV,2022-05-08 19:39:48,light rain
13,Penzance,50.1186,-5.5371,52.48,89,100,12.91,GB,2022-05-08 19:39:49,overcast clouds
14,Hualmay,-11.0964,-77.6139,69.71,76,74,9.6,PE,2022-05-08 19:38:44,broken clouds
15,Victor Harbor,-35.5667,138.6167,49.68,74,48,6.58,AU,2022-05-08 19:35:26,scattered clouds
16,Talaya,61.3833,152.75,22.57,86,46,5.39,RU,2022-05-08 19:39:50,scattered clouds
17,Kathmandu,27.7167,85.3167,64.62,94,75,3.44,NP,2022-05-08 19:36:51,broken clouds
18,Najran,17.4924,44.1277,84.85,16,1,3.94,SA,2022-05-08 19:39:50,clear sky
19,Dukat,62.55,155.55,23.25,88,5,6.24,RU,2022-05-08 19:39:51,clear sky
20,Ixtapa,20.7,-105.2,79.83,69,0,10.36,MX,2022-05-08 19:35:44,clear sky
21,Emba,48.8264,58.1442,53.94,34,93,17.38,KZ,2022-05-08 19:39:52,overcast clouds
22,Tautira,-17.7333,-149.15,80.91,79,50,11.16,PF,2022-05-08 19:39:52,scattered clouds
23,Maniwaki,46.3834,-75.966,66.58,15,0,6.91,CA,2022-05-08 19:39:00,clear sky
24,Prince Rupert,54.3161,-130.3201,50.09,74,20,13.8,CA,2022-05-08 19:39:45,few clouds
25,Pafos,34.7667,32.4167,65.98,45,0,4.61,CY,2022-05-08 19:39:53,clear sky
26,Akdepe,42.0551,59.3788,77.09,64,100,6.67,TM,2022-05-08 19:39:54,light rain
27,Giubega,44.1167,23.4167,59.14,50,53,7.47,RO,2022-05-08 19:39:55,broken clouds
28,Bama,11.5221,13.6856,96.21,23,86,3.87,NG,2022-05-08 19:39:55,overcast clouds
29,Kaeo,-35.1,173.7833,56.32,96,96,7.16,NZ,2022-05-08 19:39:56,overcast clouds
30,Veseloyarsk,51.2836,81.1056,42.04,37,6,4.68,RU,2022-05-08 19:39:56,clear sky
31,Rawlins,41.7911,-107.2387,53.35,40,100,0.0,US,2022-05-08 19:39:57,overcast clouds
32,Qandala,11.472,49.8728,85.66,62,3,3.09,SO,2022-05-08 19:39:57,clear sky
33,Bajram Curri,42.3554,20.0784,56.66,81,97,3.0,AL,2022-05-08 19:39:58,overcast clouds
34,Makakilo City,21.3469,-158.0858,79.12,60,75,16.11,US,2022-05-08 19:38:20,broken clouds
35,Muros,42.7762,-9.0603,68.16,55,37,3.38,ES,2022-05-08 19:39:58,scattered clouds
36,Cochrane,51.1834,-114.4687,47.03,53,100,12.66,CA,2022-05-08 19:35:25,overcast clouds
37,Charlestown,-32.95,151.6667,53.73,93,38,1.01,AU,2022-05-08 19:37:58,scattered clouds
38,Lompoc,34.6391,-120.4579,73.56,58,0,32.01,US,2022-05-08 19:39:04,clear sky
39,Dovolnoye,54.4958,79.6671,42.8,70,64,2.37,RU,2022-05-08 19:40:00,broken clouds
40,Nanortalik,60.1432,-45.2371,37.22,89,100,1.95,GL,2022-05-08 19:40:00,overcast clouds
41,Bengkulu,-3.8004,102.2655,77.14,82,96,4.07,ID,2022-05-08 19:40:01,overcast clouds
42,Yellowknife,62.456,-114.3525,28.92,80,100,24.16,CA,2022-05-08 19:40:01,light snow
43,Maslova Pristan,50.4587,36.7408,61.95,56,100,7.02,RU,2022-05-08 19:40:02,overcast clouds
44,Kahului,20.8947,-156.47,82.42,51,40,11.99,US,2022-05-08 19:36:54,scattered clouds
45,Isangel,-19.55,169.2667,74.17,72,28,12.46,VU,2022-05-08 19:40:03,scattered clouds
46,Greenwood,34.1668,-82.1165,70.29,60,75,10.36,US,2022-05-08 19:40:04,broken clouds
47,Mezen,65.8522,44.24,30.69,94,100,6.06,RU,2022-05-08 19:41:05,overcast clouds
48,Clonakilty,51.6231,-8.8706,55.09,94,99,12.01,IE,2022-05-08 19:41:05,overcast clouds
49,Baykit,61.67,96.37,22.48,93,91,3.71,RU,2022-05-08 19:41:06,overcast clouds
50,Vila Velha,-20.3297,-40.2925,76.95,78,75,16.11,BR,2022-05-08 19:41:06,broken clouds
51,Livingston,55.9029,-3.5226,57.13,74,100,7.14,GB,2022-05-08 19:41:07,overcast clouds
52,Saint-Pierre,-21.3393,55.4781,73.08,68,0,6.91,RE,2022-05-08 19:41:08,clear sky
53,High Rock,26.6208,-78.2833,82.42,74,1,8.77,BS,2022-05-08 19:41:08,clear sky
54,Ryotsu,38.0833,138.4333,52.2,60,100,0.2,JP,2022-05-08 19:41:09,overcast clouds
55,Rocha,-34.4833,-54.3333,65.89,66,0,6.33,UY,2022-05-08 19:41:09,clear sky
56,Carnarvon,-24.8667,113.6333,62.67,94,0,6.91,AU,2022-05-08 19:41:10,clear sky
57,Grajau,-5.8194,-46.1386,83.52,69,94,1.32,BR,2022-05-08 19:41:11,overcast clouds
58,Amos,48.5669,-78.1162,67.17,24,15,7.99,CA,2022-05-08 19:41:11,few clouds
59,Pitman,39.7329,-75.1316,57.72,53,100,16.11,US,2022-05-08 19:41:12,overcast clouds
60,Nevsehir,38.9167,34.6667,45.61,71,0,4.61,TR,2022-05-08 19:41:12,clear sky
61,Lagoa,39.05,-27.9833,61.81,80,58,10.2,PT,2022-05-08 19:41:05,broken clouds
62,Georgetown,5.4112,100.3354,82.33,93,20,2.3,MY,2022-05-08 19:40:16,light rain
63,Komsomolskiy,40.4272,71.7189,72.32,43,0,9.22,UZ,2022-05-08 19:39:37,clear sky
64,Portland,45.5234,-122.6762,48.51,84,100,5.75,US,2022-05-08 19:38:45,light rain
65,Waddan,29.1614,16.139,71.85,36,0,17.78,LY,2022-05-08 19:39:27,clear sky
66,Provideniya,64.3833,-173.3,32.45,96,84,8.84,RU,2022-05-08 19:38:38,light snow
67,Acarau,-2.8856,-40.12,79.2,87,100,10.63,BR,2022-05-08 19:37:54,light rain
68,Cedar City,37.6775,-113.0619,67.17,12,0,26.46,US,2022-05-08 19:41:15,clear sky
69,Tairua,-37.0167,175.85,57.04,86,81,3.87,NZ,2022-05-08 19:41:16,broken clouds
70,Gabu,12.2833,-14.2167,82.38,57,76,9.93,GW,2022-05-08 19:41:16,light rain
71,Palana,59.1167,159.9667,32.68,89,100,4.92,RU,2022-05-08 19:41:17,overcast clouds
72,Bandarbeyla,9.4942,50.8122,82.9,84,19,6.69,SO,2022-05-08 19:41:18,few clouds
73,Yerbogachen,61.2767,108.0108,27.84,90,100,11.88,RU,2022-05-08 19:41:18,light snow
74,Odweyne,9.4092,45.064,81.86,38,99,6.29,SO,2022-05-08 19:41:19,overcast clouds
75,Banda Aceh,5.5577,95.3222,80.02,81,95,5.79,ID,2022-05-08 19:41:19,overcast clouds
76,Sisimiut,66.9395,-53.6735,35.82,59,0,11.61,GL,2022-05-08 19:41:20,clear sky
77,Moyo,3.6609,31.7247,67.69,91,74,3.85,UG,2022-05-08 19:41:21,moderate rain
78,Jalu,29.0331,21.5482,75.11,30,0,16.02,LY,2022-05-08 19:41:21,clear sky
79,Luderitz,-26.6481,15.1594,62.02,45,75,9.46,NA,2022-05-08 19:41:22,broken clouds
80,Mackay,-21.15,149.2,70.68,100,100,9.22,AU,2022-05-08 19:41:22,light rain
81,Visnes,59.3556,5.2242,46.81,71,0,3.44,NO,2022-05-08 19:41:23,clear sky
82,Winslow,35.0242,-110.6974,78.98,9,0,24.16,US,2022-05-08 19:41:23,clear sky
83,Helong,42.5397,128.9972,40.44,45,0,5.12,CN,2022-05-08 19:41:24,clear sky
84,Hilo,19.7297,-155.09,91.27,83,100,5.99,US,2022-05-08 19:35:37,light rain
85,Goderich,43.7501,-81.7165,64.72,29,1,9.22,CA,2022-05-08 19:40:02,clear sky
86,Sechura,-5.5569,-80.8222,77.72,59,91,18.16,PE,2022-05-08 19:41:25,overcast clouds
87,Khatanga,71.9667,102.5,2.59,97,57,9.01,RU,2022-05-08 19:41:26,broken clouds
88,Dunedin,-45.8742,170.5036,50.81,91,99,4.18,NZ,2022-05-08 19:41:26,overcast clouds
89,Lesosibirsk,58.2358,92.4828,27.12,69,21,4.54,RU,2022-05-08 19:41:27,few clouds
90,Polis,35.0367,32.4264,66.02,58,88,1.3,CY,2022-05-08 19:41:28,overcast clouds
91,Barrow,71.2906,-156.7887,21.22,86,100,12.66,US,2022-05-08 19:42:28,mist
92,Mandalgovi,45.7625,106.2708,60.08,25,60,20.67,MN,2022-05-08 19:42:29,broken clouds
93,Noyabrsk,63.1994,75.4507,33.93,99,100,13.13,RU,2022-05-08 19:42:30,overcast clouds
94,Rabo De Peixe,37.8,-25.5833,68.27,77,20,8.05,PT,2022-05-08 19:42:30,few clouds
95,Vaini,-21.2,-175.2,75.36,78,20,9.22,TO,2022-05-08 19:42:31,few clouds
96,Pingshan,22.9938,114.7131,71.11,95,100,0.31,CN,2022-05-08 19:42:32,overcast clouds
97,Queanbeyan,-35.35,149.2333,44.6,94,75,0.0,AU,2022-05-08 19:42:32,broken clouds
98,Nuristan,35.3,70.8333,41.07,40,0,8.12,AF,2022-05-08 19:42:33,clear sky
99,Vestmannaeyjar,63.4427,-20.2734,47.44,94,100,23.49,IS,2022-05-08 19:42:33,light rain
100,Antofagasta,-23.65,-70.4,65.48,71,0,6.31,CL,2022-05-08 19:42:34,clear sky
101,Elizabethtown,37.694,-85.8591,70.12,54,0,3.44,US,2022-05-08 19:42:35,clear sky
102,Avarua,-21.2078,-159.775,82.45,83,40,5.75,CK,2022-05-08 19:35:34,scattered clouds
103,Lamu,-2.2717,40.902,79.02,83,75,17.31,KE,2022-05-08 19:42:36,light rain
104,Saskylakh,71.9167,114.0833,9.66,94,95,14.03,RU,2022-05-08 19:41:05,overcast clouds
105,Denpasar,-8.65,115.2167,79.97,84,30,4.94,ID,2022-05-08 19:41:35,scattered clouds
106,Evora,38.5667,-7.9,69.48,42,98,8.57,PT,2022-05-08 19:42:37,overcast clouds
107,Arkhara,49.4212,130.0842,39.45,56,0,1.05,RU,2022-05-08 19:42:37,clear sky
108,Riyadh,24.6877,46.7219,82.54,17,0,14.03,SA,2022-05-08 19:42:38,clear sky
109,Sosnovo-Ozerskoye,52.5249,111.5418,37.15,94,100,9.33,RU,2022-05-08 19:42:39,moderate rain
110,Cayenne,4.9333,-52.3333,86.04,15,75,14.97,GF,2022-05-08 19:42:20,broken clouds
111,Nkhata Bay,-11.6066,34.2907,71.89,76,9,3.58,MW,2022-05-08 19:42:40,clear sky
112,Hami,42.8,93.45,67.55,31,0,9.95,CN,2022-05-08 19:42:40,clear sky
113,Lata,40.1629,-8.3327,61.18,70,3,2.39,PT,2022-05-08 19:42:41,clear sky
114,Itoman,26.1247,127.6694,75.97,96,75,9.22,JP,2022-05-08 19:42:41,broken clouds
115,Macusani,-14.0833,-70.4333,48.0,55,51,7.61,PE,2022-05-08 19:42:42,broken clouds
116,Daur,26.4583,68.3192,85.91,47,0,12.73,PK,2022-05-08 19:42:42,clear sky
117,Saldanha,-33.0117,17.9442,53.65,88,100,9.51,ZA,2022-05-08 19:42:22,overcast clouds
118,Hay River,60.8156,-115.7999,31.98,93,100,17.27,CA,2022-05-08 19:42:43,overcast clouds
119,Kaniama,-7.5667,24.1833,71.11,70,100,3.56,CD,2022-05-08 19:42:44,overcast clouds
120,Tessalit,20.1986,1.0114,84.96,6,0,9.98,ML,2022-05-08 19:42:44,clear sky
121,Kapaa,22.0752,-159.319,79.12,78,20,12.66,US,2022-05-08 19:39:41,few clouds
122,Lafiagi,8.8667,5.4167,86.59,55,85,4.65,NG,2022-05-08 19:42:45,light rain
123,Rio Gallegos,-51.6226,-69.2181,50.05,40,20,40.29,AR,2022-05-08 19:42:46,few clouds
124,Trairi,-3.2778,-39.2689,78.37,88,100,7.47,BR,2022-05-08 19:42:47,light rain
125,Kloulklubed,7.0419,134.2556,75.7,83,100,21.12,PW,2022-05-08 19:42:47,very heavy rain
126,Atambua,-9.1061,124.8925,73.06,84,37,8.32,ID,2022-05-08 19:42:48,scattered clouds
127,Iralaya,15.0,-83.2333,85.68,65,34,10.22,HN,2022-05-08 19:42:49,scattered clouds
128,Tevaitoa,-16.7833,-151.5,81.75,77,9,12.77,PF,2022-05-08 19:42:49,light rain
129,Vallenar,-28.5708,-70.7581,66.65,50,92,5.84,CL,2022-05-08 19:42:50,overcast clouds
130,Saint-Georges,12.0564,-61.7485,85.68,70,75,23.02,GD,2022-05-08 19:42:50,broken clouds
131,Matagami,49.7502,-77.6328,66.31,15,0,13.8,CA,2022-05-08 19:42:51,clear sky
132,Kurilsk,45.2333,147.8833,37.65,81,3,7.23,RU,2022-05-08 19:42:51,clear sky
133,Tual,-5.6667,132.75,83.41,80,100,10.67,ID,2022-05-08 19:43:52,heavy intensity rain
134,Khanpur,28.6453,70.6567,94.86,20,0,14.09,PK,2022-05-08 19:43:52,clear sky
135,Mareeba,-17.0,145.4333,71.44,93,51,7.36,AU,2022-05-08 19:43:53,broken clouds
136,Mitchell,43.7094,-98.0298,75.11,59,75,11.5,US,2022-05-08 19:42:55,broken clouds
137,Scarborough,54.2797,-0.4044,51.37,80,28,15.01,GB,2022-05-08 19:40:54,scattered clouds
138,Mahebourg,-20.4081,57.7,75.49,83,40,4.61,MU,2022-05-08 19:43:55,scattered clouds
139,Chardara,41.2547,67.9692,76.62,47,21,6.08,KZ,2022-05-08 19:43:55,few clouds
140,Zermatt,46.0213,7.7491,47.77,93,55,1.14,CH,2022-05-08 19:43:56,broken clouds
141,Codrington,-38.2667,141.9667,46.22,91,45,5.32,AU,2022-05-08 19:43:56,scattered clouds
142,South Yuba City,39.1166,-121.6391,65.08,30,20,18.41,US,2022-05-08 19:43:57,few clouds
143,Broken Hill,-31.95,141.4333,42.51,87,0,6.91,AU,2022-05-08 19:43:57,clear sky
144,Roald,62.5833,6.1333,50.92,76,0,8.05,NO,2022-05-08 19:43:58,clear sky
145,Oussouye,12.485,-16.5469,89.78,62,0,8.28,SN,2022-05-08 19:43:58,clear sky
146,Namatanai,-3.6667,152.4333,80.53,82,99,11.97,PG,2022-05-08 19:39:49,overcast clouds
147,Astana,51.1801,71.446,35.55,60,0,11.18,KZ,2022-05-08 19:43:59,clear sky
148,Faya,18.3851,42.4509,68.11,56,0,1.86,SA,2022-05-08 19:44:00,clear sky
149,Katobu,-4.9408,122.5276,76.78,92,100,2.62,ID,2022-05-08 19:44:00,overcast clouds
150,Tanout,14.9709,8.8879,94.75,20,98,4.97,NE,2022-05-08 19:44:01,overcast clouds
151,Karratha,-20.7377,116.8463,77.05,35,100,11.27,AU,2022-05-08 19:44:01,overcast clouds
152,Katherine,-14.4667,132.2667,66.52,48,4,8.05,AU,2022-05-08 19:44:02,clear sky
153,Menongue,-14.6585,17.691,66.0,63,59,2.77,AO,2022-05-08 19:44:02,broken clouds
154,Nioro,13.35,-15.75,87.26,34,0,12.8,GM,2022-05-08 19:44:03,clear sky
155,Rafaela,-31.2503,-61.4867,80.01,25,100,1.99,AR,2022-05-08 19:44:04,overcast clouds
156,Dong Hoi,17.4833,106.6,76.08,91,94,2.75,VN,2022-05-08 19:44:04,overcast clouds
157,Sibolga,1.7427,98.7792,76.73,87,99,3.24,ID,2022-05-08 19:44:05,overcast clouds
158,Road Town,18.4167,-64.6167,82.44,78,75,10.36,VG,2022-05-08 19:44:05,broken clouds
159,Fare,-16.7,-151.0167,81.79,76,12,12.08,PF,2022-05-08 19:44:06,few clouds
160,Dalian,38.9122,121.6022,40.93,93,0,6.71,CN,2022-05-08 19:44:07,clear sky
161,Oia,40.5426,-8.5386,64.36,80,6,4.09,PT,2022-05-08 19:44:07,clear sky
162,Tuktoyaktuk,69.4541,-133.0374,37.4,75,75,14.97,CA,2022-05-08 19:44:08,broken clouds
163,Dingle,10.9995,122.6711,77.88,87,100,8.08,PH,2022-05-08 19:35:27,overcast clouds
164,Vardo,70.3705,31.1107,26.58,80,0,10.36,NO,2022-05-08 19:44:08,clear sky
165,Tarragona,41.129,1.249,66.34,59,20,2.3,ES,2022-05-08 19:42:42,few clouds
166,Poshekhonye,58.4993,39.1353,40.03,95,100,5.53,RU,2022-05-08 19:44:09,overcast clouds
167,Lavrentiya,65.5833,-171.0,32.22,90,100,5.23,RU,2022-05-08 19:35:28,overcast clouds
168,Kaitangata,-46.2817,169.8464,49.78,95,77,2.82,NZ,2022-05-08 19:44:10,broken clouds
169,Manzhouli,49.6,117.4333,49.95,24,75,10.92,CN,2022-05-08 19:44:11,broken clouds
170,Bathsheba,13.2167,-59.5167,86.61,70,20,16.11,BB,2022-05-08 19:44:12,few clouds
171,Batagay-Alyta,67.8006,130.4114,24.93,96,100,2.1,RU,2022-05-08 19:44:12,light snow
172,Brighton,50.8284,-0.1395,55.22,76,6,10.94,GB,2022-05-08 19:41:00,clear sky
173,Lorengau,-2.0226,147.2712,83.62,72,75,16.04,PG,2022-05-08 19:44:13,broken clouds
174,Leh,34.1667,77.5833,46.56,48,3,4.14,IN,2022-05-08 19:40:16,clear sky
175,Aykhal,66.0,111.5,5.9,98,99,10.69,RU,2022-05-08 19:44:14,overcast clouds
176,Saint Anthony,45.0205,-93.218,64.18,54,40,17.27,US,2022-05-08 19:42:07,scattered clouds
177,Tucano,-10.9631,-38.7867,80.55,51,100,7.38,BR,2022-05-08 19:44:15,overcast clouds
178,Taywarah,33.35,64.4167,57.87,29,54,3.09,AF,2022-05-08 19:44:15,broken clouds
179,Anzoategui,4.63,-75.0954,75.4,76,70,4.52,CO,2022-05-08 19:45:16,broken clouds
180,Shibetsu,43.659,145.132,39.58,74,0,5.23,JP,2022-05-08 19:45:16,clear sky
181,Ulaangom,49.9811,92.0667,37.15,35,99,12.91,MN,2022-05-08 19:45:17,overcast clouds
182,Awbari,26.5921,12.7805,73.27,17,0,8.59,LY,2022-05-08 19:45:18,clear sky
183,Narsaq,60.9167,-46.05,40.44,77,100,3.6,GL,2022-05-08 19:45:18,overcast clouds
184,Scottsbluff,41.8666,-103.6672,69.78,39,100,18.41,US,2022-05-08 19:45:19,overcast clouds
185,Tomatlan,19.9333,-105.25,87.67,49,7,11.27,MX,2022-05-08 19:45:19,clear sky
186,Bara,10.3744,10.7288,91.78,44,60,9.04,NG,2022-05-08 19:45:20,broken clouds
187,Soyo,-6.1349,12.3689,78.39,90,24,6.73,AO,2022-05-08 19:45:20,few clouds
188,Berlevag,70.8578,29.0864,32.0,74,0,12.66,NO,2022-05-08 19:45:21,clear sky
189,Tambacounda,13.7539,-13.7586,98.65,21,0,4.61,SN,2022-05-08 19:45:22,clear sky
190,Shelburne,44.0787,-80.2041,61.3,37,1,11.99,CA,2022-05-08 19:45:22,clear sky
191,Loreto,22.2667,-101.9667,87.91,12,97,9.26,MX,2022-05-08 19:45:23,overcast clouds
192,Vila Do Maio,15.1333,-23.2167,75.99,82,33,15.79,CV,2022-05-08 19:45:23,scattered clouds
193,Nikolskoye,59.7035,30.7861,41.72,89,84,5.41,RU,2022-05-08 19:45:24,broken clouds
194,Uusikaupunki,60.8004,21.4084,38.17,69,16,8.14,FI,2022-05-08 19:45:25,few clouds
195,Natal,-5.795,-35.2094,83.05,78,75,18.41,BR,2022-05-08 19:43:26,broken clouds
196,Yar-Sale,66.8333,70.8333,35.47,100,100,10.51,RU,2022-05-08 19:45:03,overcast clouds
197,Campoverde,-8.4753,-74.8058,89.29,55,90,4.16,PE,2022-05-08 19:45:26,overcast clouds
198,Padang,-0.9492,100.3543,78.42,82,99,3.65,ID,2022-05-08 19:45:26,overcast clouds
199,Natchitoches,31.7668,-93.1335,90.45,62,40,10.36,US,2022-05-08 19:45:27,scattered clouds
200,Koumac,-20.5667,164.2833,72.34,72,100,5.23,NC,2022-05-08 19:45:28,overcast clouds
201,Fukue,32.6881,128.8419,63.52,71,53,18.19,JP,2022-05-08 19:45:28,broken clouds
202,Yuncheng,35.0231,110.9928,48.97,81,100,3.62,CN,2022-05-08 19:45:29,overcast clouds
203,Henties Bay,-22.116,14.2845,60.53,66,0,7.09,NA,2022-05-08 19:43:47,clear sky
204,Letterkenny,54.95,-7.7333,64.29,85,100,7.85,IE,2022-05-08 19:45:30,overcast clouds
205,Hermanus,-34.4187,19.2345,51.8,74,95,4.07,ZA,2022-05-08 19:45:30,overcast clouds
206,Eureka,40.8021,-124.1637,50.61,83,99,8.99,US,2022-05-08 19:41:52,light rain
207,Williams Lake,52.1415,-122.1445,56.05,31,75,4.0,CA,2022-05-08 19:45:31,broken clouds
208,Alamosa,37.4695,-105.87,71.58,12,0,23.02,US,2022-05-08 19:45:32,clear sky
209,Evensk,61.95,159.2333,30.33,90,93,2.06,RU,2022-05-08 19:45:32,overcast clouds
210,Mataura,-46.1927,168.8643,49.48,97,98,0.98,NZ,2022-05-08 19:35:37,overcast clouds
211,Katakwi,1.8911,33.9661,66.58,91,100,5.84,UG,2022-05-08 19:45:33,light rain
212,Sola,-13.8833,167.55,80.1,76,68,24.2,VU,2022-05-08 19:45:34,broken clouds
213,Belyy Yar,53.6039,91.3903,31.86,47,0,2.24,RU,2022-05-08 19:45:35,clear sky
214,Isabela,6.7085,121.9711,78.93,86,100,1.36,PH,2022-05-08 19:45:35,moderate rain
215,Aklavik,68.2191,-135.0107,46.4,53,40,8.05,CA,2022-05-08 19:45:36,scattered clouds
216,Gewane,10.1664,40.6453,88.88,28,46,3.96,ET,2022-05-08 19:45:37,scattered clouds
217,Ohara,35.25,140.3833,60.37,66,100,11.41,JP,2022-05-08 19:45:37,overcast clouds
218,Naze,28.3667,129.4833,68.92,95,100,7.83,JP,2022-05-08 19:45:38,overcast clouds
219,Holme,56.1138,10.1725,49.57,68,71,4.9,DK,2022-05-08 19:45:38,broken clouds
220,San Juan,-31.5375,-68.5364,75.11,26,100,12.57,AR,2022-05-08 19:45:39,overcast clouds
221,Levelland,33.5873,-102.378,96.19,5,0,20.69,US,2022-05-08 19:45:39,clear sky
222,Nome,64.5011,-165.4064,32.16,93,100,23.02,US,2022-05-08 19:45:40,light snow
223,Voloshka,61.3314,40.0858,39.58,95,100,7.11,RU,2022-05-08 19:46:41,light rain
224,Hvolsvollur,63.7533,-20.2243,49.14,83,100,5.21,IS,2022-05-08 19:46:42,overcast clouds
225,Mutoko,-17.397,32.2268,63.64,64,24,2.01,ZW,2022-05-08 19:46:42,light rain
226,Pisco,-13.7,-76.2167,73.45,64,36,19.57,PE,2022-05-08 19:46:43,dust
227,Chernyshevskiy,63.0128,112.4714,23.61,91,100,9.84,RU,2022-05-08 19:46:43,light snow
228,Ancud,-41.8697,-73.8203,53.64,78,22,6.64,CL,2022-05-08 19:46:44,few clouds
229,Fairbanks,64.8378,-147.7164,42.22,67,75,11.5,US,2022-05-08 19:46:45,light rain
230,Banyo,6.75,11.8167,73.17,67,57,2.66,CM,2022-05-08 19:46:45,broken clouds
231,Puerto Madryn,-42.7692,-65.0385,66.25,28,100,20.4,AR,2022-05-08 19:46:46,overcast clouds
232,Anda,46.4,125.3167,50.31,37,0,8.75,CN,2022-05-08 19:46:46,clear sky
233,Sidhi,24.4167,81.8833,83.91,29,0,4.74,IN,2022-05-08 19:46:47,clear sky
234,Amot,59.5714,7.9877,41.7,56,98,4.68,NO,2022-05-08 19:46:48,overcast clouds
235,San Policarpo,12.1791,125.5072,80.55,78,26,7.67,PH,2022-05-08 19:43:53,scattered clouds
236,Kapit,2.0167,112.9333,74.46,100,100,0.94,MY,2022-05-08 19:46:49,moderate rain
237,Inhambane,-23.865,35.3833,73.38,88,20,21.85,MZ,2022-05-08 19:46:49,few clouds
238,Kamenka,51.3223,42.7678,49.33,49,0,0.27,RU,2022-05-08 19:46:50,clear sky
239,Sao Jose Da Coroa Grande,-8.8978,-35.1478,77.7,82,24,10.65,BR,2022-05-08 19:46:50,few clouds
240,Ndende,-2.4008,11.3581,74.93,96,50,1.59,GA,2022-05-08 19:46:51,scattered clouds
241,Vanimo,-2.6741,141.3028,78.49,90,100,6.04,PG,2022-05-08 19:46:52,overcast clouds
242,Zdvinsk,54.7021,78.661,43.16,69,50,4.21,RU,2022-05-08 19:46:52,scattered clouds
243,Basco,20.4487,121.9702,82.74,77,85,14.58,PH,2022-05-08 19:46:53,overcast clouds
244,Podgorica,42.4411,19.2636,67.78,60,40,6.91,ME,2022-05-08 19:46:53,scattered clouds
245,Grand Gaube,-20.0064,57.6608,75.6,79,2,5.01,MU,2022-05-08 19:46:54,clear sky
246,Polyanka,50.2584,27.6881,57.04,71,100,3.09,UA,2022-05-08 19:46:55,overcast clouds
247,Atherton,53.5237,-2.4935,62.26,68,66,1.01,GB,2022-05-08 19:42:24,broken clouds
248,Coihaique,-45.5752,-72.0662,51.75,46,40,10.36,CL,2022-05-08 19:46:55,scattered clouds
249,Iracoubo,5.4802,-53.2011,81.32,76,50,9.82,GF,2022-05-08 19:46:56,scattered clouds
250,Harper,4.375,-7.7169,79.48,84,100,6.62,LR,2022-05-08 19:46:56,overcast clouds
251,Mar Del Plata,-38.0023,-57.5575,73.42,64,0,23.02,AR,2022-05-08 19:46:57,clear sky
252,Yudong,29.385,106.5194,81.19,95,98,3.56,CN,2022-05-08 19:46:57,light rain
253,San Quintin,30.4833,-115.95,63.46,65,0,20.47,MX,2022-05-08 19:46:58,clear sky
254,Male,4.1748,73.5089,85.95,84,75,18.41,MV,2022-05-08 19:46:59,broken clouds
255,Anchorage,61.2181,-149.9003,52.93,53,0,9.22,US,2022-05-08 19:42:54,clear sky
256,Ottawa,45.4112,-75.6981,65.71,20,20,10.36,CA,2022-05-08 19:43:34,few clouds
257,Sharjah,25.3573,55.4033,91.38,48,0,5.75,AE,2022-05-08 19:46:31,clear sky
258,Ewo,-0.8725,14.8206,75.45,85,98,4.56,CG,2022-05-08 19:47:00,moderate rain
259,Gambela,8.25,34.5833,78.21,71,86,3.15,ET,2022-05-08 19:47:00,overcast clouds
260,Ushuaia,-54.8,-68.3,42.46,65,40,35.68,AR,2022-05-08 19:43:06,scattered clouds
261,Xinmin,41.9908,122.8253,46.31,60,0,6.6,CN,2022-05-08 19:46:44,clear sky
262,Micheweni,-4.9667,39.8333,79.99,81,99,14.76,TZ,2022-05-08 19:47:01,overcast clouds
263,Chegdomyn,51.1167,133.0167,30.63,90,11,2.13,RU,2022-05-08 19:47:02,few clouds
264,Caravelas,-17.7125,-39.2481,73.56,87,100,9.93,BR,2022-05-08 19:47:03,overcast clouds
265,Srednekolymsk,67.45,153.6833,29.01,86,43,7.54,RU,2022-05-08 19:47:03,scattered clouds
266,Derzhavinsk,51.1,66.3167,50.22,36,59,15.03,KZ,2022-05-08 19:47:04,broken clouds
267,Coahuayana,18.7333,-103.6833,88.77,47,23,7.92,MX,2022-05-08 19:47:04,few clouds
268,Tiksi,71.6872,128.8694,1.27,100,92,4.56,RU,2022-05-08 19:48:05,overcast clouds
269,Hofn,64.2539,-15.2082,46.26,99,100,6.91,IS,2022-05-08 19:48:06,moderate rain
270,Yantzaza,-3.8278,-78.7594,76.03,91,49,2.59,EC,2022-05-08 19:48:07,moderate rain
271,Ustyuzhna,58.8394,36.4321,39.81,84,99,7.31,RU,2022-05-08 19:48:07,overcast clouds
272,Hasaki,35.7333,140.8333,59.4,54,100,12.62,JP,2022-05-08 19:48:08,overcast clouds
273,La Asuncion,11.0333,-63.8628,89.33,58,11,17.27,VE,2022-05-08 19:45:24,few clouds
274,Sinnamary,5.3833,-52.95,81.7,76,29,10.42,GF,2022-05-08 19:48:09,scattered clouds
275,Santa Isabel Do Rio Negro,-0.4139,-65.0192,83.8,77,38,3.85,BR,2022-05-08 19:48:09,scattered clouds
276,Nassogne,50.1285,5.3427,48.54,88,3,5.84,BE,2022-05-08 19:48:10,clear sky
277,Pevek,69.7008,170.3133,22.93,90,100,13.33,RU,2022-05-08 19:43:39,overcast clouds
278,Dali,25.7,100.1833,58.41,89,4,5.26,CN,2022-05-08 19:48:11,clear sky
279,Bang Mun Nak,16.0278,100.3792,79.09,86,100,3.8,TH,2022-05-08 19:48:11,light rain
280,Culebra,18.303,-65.301,84.24,91,52,7.0,PR,2022-05-08 19:48:12,broken clouds
281,Papara,-3.9839,-38.7273,82.8,92,100,2.75,BR,2022-05-08 19:48:13,overcast clouds
282,Minab,27.1467,57.0801,89.92,40,0,3.44,IR,2022-05-08 19:48:13,clear sky
283,Fairview,40.8126,-73.999,62.11,38,20,17.27,US,2022-05-08 19:48:14,few clouds
284,Petropavlovsk-Kamchatskiy,53.0452,158.6483,37.99,93,75,11.18,RU,2022-05-08 19:48:14,broken clouds
285,Peruibe,-24.32,-46.9983,69.49,82,98,5.77,BR,2022-05-08 19:48:15,overcast clouds
286,Aripuana,-9.1667,-60.6333,81.18,85,40,2.33,BR,2022-05-08 19:48:16,scattered clouds
287,Tura,25.5198,90.2201,71.56,82,12,4.36,IN,2022-05-08 19:48:16,few clouds
288,Itaituba,-4.2761,-55.9836,86.16,74,75,5.75,BR,2022-05-08 19:48:17,broken clouds
289,Ossora,59.2353,163.0719,33.26,95,100,1.63,RU,2022-05-08 19:48:17,overcast clouds
290,Beecher,43.09,-83.6944,67.77,37,0,11.5,US,2022-05-08 19:48:18,clear sky
291,Puerto Santander,8.3636,-72.4063,92.61,53,25,4.99,CO,2022-05-08 19:48:18,scattered clouds
292,Lagunas,-5.2269,-75.6753,82.85,85,42,1.32,PE,2022-05-08 19:48:19,scattered clouds
293,Taian,36.1853,117.12,48.81,67,98,3.53,CN,2022-05-08 19:48:20,overcast clouds
294,Kulhudhuffushi,6.6221,73.07,84.78,72,100,18.14,MV,2022-05-08 19:48:20,overcast clouds
295,Zabol,32.25,67.25,71.17,19,0,6.85,AF,2022-05-08 19:48:21,clear sky
296,Byron Bay,-28.65,153.6167,66.09,74,100,11.01,AU,2022-05-08 19:48:21,moderate rain
297,Lar,26.2039,83.9717,87.48,41,17,6.93,IN,2022-05-08 19:48:22,few clouds
298,Gornyy,55.1153,83.9059,33.84,89,15,4.5,RU,2022-05-08 19:48:23,few clouds
299,Bud,39.447,-86.1758,71.67,43,72,11.27,US,2022-05-08 19:48:23,broken clouds
300,Hithadhoo,-0.6,73.0833,83.16,78,100,17.96,MV,2022-05-08 19:48:24,overcast clouds
301,Chokurdakh,70.6333,147.9167,11.64,83,51,7.65,RU,2022-05-08 19:48:25,broken clouds
302,Poum,-20.2333,164.0167,76.06,65,100,12.06,NC,2022-05-08 19:48:25,overcast clouds
303,Paeroa,-37.3667,175.6667,55.98,91,72,1.34,NZ,2022-05-08 19:48:26,broken clouds
304,Wanning,18.8003,110.3967,77.14,87,100,1.28,CN,2022-05-08 19:48:26,overcast clouds
305,Kirakira,-10.4544,161.9205,80.92,83,99,11.63,SB,2022-05-08 19:48:27,overcast clouds
306,East Wenatchee Bench,47.4257,-120.2812,57.58,35,0,8.01,US,2022-05-08 19:48:28,clear sky
307,Kendallville,41.4414,-85.265,65.98,49,0,8.05,US,2022-05-08 19:48:28,clear sky
308,Sorong,-0.8833,131.25,79.36,87,100,4.7,ID,2022-05-08 19:48:29,overcast clouds
309,Sibu,2.3,111.8167,75.51,100,40,3.44,MY,2022-05-08 19:48:29,scattered clouds
310,La Libertad,-2.2333,-80.9,78.46,73,20,14.97,EC,2022-05-08 19:48:30,few clouds
311,Susanville,40.4163,-120.653,41.92,56,75,18.01,US,2022-05-08 19:48:31,broken clouds
312,Progreso,21.2833,-89.6667,89.08,59,0,15.77,MX,2022-05-08 19:48:31,clear sky
313,Sabzevar,36.2126,57.6819,65.48,55,75,9.22,IR,2022-05-08 19:48:32,broken clouds
314,Pacifica,37.6138,-122.4869,61.2,71,75,21.85,US,2022-05-08 19:48:32,haze
315,Nabire,-3.3667,135.4833,77.23,90,76,3.04,ID,2022-05-08 19:49:34,broken clouds
316,Galle,6.0367,80.217,81.77,86,98,16.53,LK,2022-05-08 19:49:34,overcast clouds
317,Sabang,5.8933,95.3214,81.91,77,100,6.51,ID,2022-05-08 19:49:35,overcast clouds
318,Mount Gambier,-37.8333,140.7667,39.11,100,40,5.75,AU,2022-05-08 19:49:35,scattered clouds
319,Teacapan,22.55,-105.75,81.66,61,97,10.76,MX,2022-05-08 19:49:36,overcast clouds
320,Koutsouras,35.0339,25.9469,67.1,71,54,10.65,GR,2022-05-08 19:49:37,broken clouds
321,Eyrarbakki,63.863,-21.1481,51.85,89,100,18.41,IS,2022-05-08 19:49:37,light rain
322,Dabakala,8.3667,-4.4333,83.77,65,54,9.53,CI,2022-05-08 19:49:38,light rain
323,Jacarau,-6.6122,-35.2928,76.32,80,100,11.3,BR,2022-05-08 19:49:38,overcast clouds
324,Sao Domingos Do Maranhao,-5.5758,-44.3853,81.21,74,100,1.88,BR,2022-05-08 19:47:56,overcast clouds
325,Souillac,-20.5167,57.5167,75.58,83,40,4.61,MU,2022-05-08 19:49:39,scattered clouds
326,Geraldton,-28.7667,114.6,55.81,94,0,6.91,AU,2022-05-08 19:49:40,clear sky
327,Kaduy,59.2,37.15,37.67,95,93,3.98,RU,2022-05-08 19:49:41,overcast clouds
328,Leshukonskoye,64.8989,45.7622,34.47,94,100,6.22,RU,2022-05-08 19:49:41,overcast clouds
329,Great Falls,47.5002,-111.3008,52.66,31,75,12.66,US,2022-05-08 19:45:12,broken clouds
330,Palauig,15.435,119.9045,81.59,67,41,3.98,PH,2022-05-08 19:49:43,scattered clouds
331,Kilimatinde,-5.85,34.95,66.0,58,55,1.52,TZ,2022-05-08 19:49:43,broken clouds
332,Kasongo-Lunda,-6.4667,16.8167,76.8,72,71,0.81,CD,2022-05-08 19:49:44,broken clouds
333,Hornepayne,49.2138,-84.7705,66.69,19,89,15.08,CA,2022-05-08 19:49:44,overcast clouds
334,Cootamundra,-34.65,148.0333,40.95,90,0,5.37,AU,2022-05-08 19:49:45,clear sky
335,Luxor,25.6989,32.6421,87.85,18,0,3.44,EG,2022-05-08 19:49:45,clear sky
336,Manoel Urbano,-8.8389,-69.2597,88.02,53,70,0.18,BR,2022-05-08 19:49:46,broken clouds
337,East London,-33.0153,27.9116,62.1,76,25,11.68,ZA,2022-05-08 19:49:47,scattered clouds
338,Teguise,29.0605,-13.564,66.42,73,20,25.32,ES,2022-05-08 19:49:47,few clouds
339,Ribeira Grande,38.5167,-28.7,64.8,77,20,8.05,PT,2022-05-08 19:49:48,few clouds
340,Rawson,-43.3002,-65.1023,65.41,30,70,20.31,AR,2022-05-08 19:49:49,broken clouds
341,Constitucion,-35.3333,-72.4167,57.38,80,100,4.07,CL,2022-05-08 19:45:56,overcast clouds
342,Tommot,58.9564,126.2925,37.08,98,100,6.76,RU,2022-05-08 19:49:49,light rain
343,Lazaro Cardenas,17.9583,-102.2,84.6,53,12,11.5,MX,2022-05-08 19:49:50,few clouds
344,Mosnita Noua,45.7172,21.3253,57.36,82,0,6.91,RO,2022-05-08 19:49:51,clear sky
345,Bonthe,7.5264,-12.505,77.67,86,100,4.85,SL,2022-05-08 19:47:47,overcast clouds
346,Vinh,18.6667,105.6667,74.32,95,87,1.92,VN,2022-05-08 19:49:51,overcast clouds
347,Hirara,24.8,125.2833,76.78,86,90,4.65,JP,2022-05-08 19:47:36,overcast clouds
348,Ostrovnoy,68.0531,39.5131,27.41,80,25,5.77,RU,2022-05-08 19:49:52,scattered clouds
349,Margate,51.3813,1.3862,49.1,78,1,4.0,GB,2022-05-08 19:49:53,clear sky
350,Asau,46.4333,26.4,52.95,75,100,2.35,RO,2022-05-08 19:49:53,overcast clouds
351,Leningradskiy,69.3833,178.4167,22.53,94,100,5.37,RU,2022-05-08 19:49:54,overcast clouds
352,Kamaishi,39.2667,141.8833,47.5,83,100,6.15,JP,2022-05-08 19:49:55,overcast clouds
353,Mayo,38.8876,-76.5119,55.81,63,100,18.41,US,2022-05-08 19:49:56,overcast clouds
354,Clyde River,70.4692,-68.5914,26.83,86,100,9.22,CA,2022-05-08 19:49:56,overcast clouds
355,Shimoda,34.6667,138.95,57.11,86,100,2.82,JP,2022-05-08 19:49:57,overcast clouds
356,Kaiyuan,23.6977,103.3037,64.8,93,24,5.91,CN,2022-05-08 19:49:57,few clouds
357,Ampanihy,-24.7,44.75,69.94,85,13,2.24,MG,2022-05-08 19:49:58,few clouds
358,Saint-Leu,-21.15,55.2833,72.46,76,0,3.87,RE,2022-05-08 19:49:58,clear sky
359,Orlovskiy,46.8714,42.0592,48.94,49,64,8.68,RU,2022-05-08 19:49:59,broken clouds
360,Chuy,-33.6971,-53.4616,64.96,68,5,4.47,UY,2022-05-08 19:50:00,clear sky
361,Maroantsetra,-15.4333,49.7333,75.56,88,45,1.1,MG,2022-05-08 19:50:00,light rain
362,Grootfontein,-19.5667,18.1167,54.97,54,0,4.61,NA,2022-05-08 19:51:01,clear sky
363,Pacific Grove,36.6177,-121.9166,60.91,68,40,18.41,US,2022-05-08 19:49:13,scattered clouds
364,Bogo,11.0517,124.0055,79.39,79,40,11.18,PH,2022-05-08 19:51:02,scattered clouds
365,Broadstairs,51.3591,1.4394,48.99,77,4,4.0,GB,2022-05-08 19:51:02,clear sky
366,Husavik,66.0449,-17.3389,43.41,89,100,2.86,IS,2022-05-08 19:51:03,overcast clouds
367,Uniontown,39.9001,-79.7164,66.22,31,2,4.0,US,2022-05-08 19:51:04,clear sky
368,Tabas,33.5959,56.9244,79.14,26,31,10.31,IR,2022-05-08 19:51:04,scattered clouds
369,Kavieng,-2.5744,150.7967,83.39,70,100,16.84,PG,2022-05-08 19:51:05,overcast clouds
370,Torbay,47.6666,-52.7314,45.88,65,20,13.8,CA,2022-05-08 19:51:06,few clouds
371,Tambura,5.6,27.4667,71.35,92,100,1.88,SS,2022-05-08 19:51:06,overcast clouds
372,Norman Wells,65.282,-126.8329,41.04,52,75,8.05,CA,2022-05-08 19:51:07,broken clouds
373,Ust-Kuyga,70.0167,135.6,22.64,85,100,2.39,RU,2022-05-08 19:51:07,overcast clouds
374,Yeppoon,-23.1333,150.7333,67.78,88,100,13.94,AU,2022-05-08 19:51:08,light rain
375,Pemba,-12.974,40.5178,79.5,83,20,8.05,MZ,2022-05-08 19:51:09,few clouds
376,Da Nang,16.0678,108.2208,78.78,89,75,0.0,VN,2022-05-08 19:51:09,broken clouds
377,Sao Francisco De Assis,-29.5503,-55.1311,71.65,71,28,2.26,BR,2022-05-08 19:51:10,scattered clouds
378,Kutum,14.2,24.6667,80.87,7,14,6.08,SD,2022-05-08 19:51:10,few clouds
379,Uhlirske Janovice,49.8802,15.0648,59.9,87,40,3.44,CZ,2022-05-08 19:51:11,scattered clouds
380,Busselton,-33.65,115.3333,56.07,81,2,2.08,AU,2022-05-08 19:51:11,clear sky
381,Krasnorechenskiy,44.6265,135.3532,37.26,61,55,7.96,RU,2022-05-08 19:51:12,broken clouds
382,Ipira,-12.1583,-39.7372,78.55,55,88,14.18,BR,2022-05-08 19:51:13,overcast clouds
383,Castro,-24.7911,-50.0119,63.43,73,3,5.95,BR,2022-05-08 19:51:13,clear sky
384,Klaksvik,62.2266,-6.589,49.12,97,100,22.95,FO,2022-05-08 19:51:14,light rain
385,Okha,53.5739,142.9478,31.44,98,100,15.05,RU,2022-05-08 19:51:15,snow
386,Redlands,34.0556,-117.1825,73.44,67,100,4.61,US,2022-05-08 19:51:15,haze
387,Krasnovishersk,60.4078,57.082,42.28,85,56,4.99,RU,2022-05-08 19:51:16,broken clouds
388,Poplar Bluff,36.757,-90.3929,73.18,56,0,10.36,US,2022-05-08 19:51:16,clear sky
389,Lebu,-37.6167,-73.65,55.8,97,100,4.41,CL,2022-05-08 19:51:17,overcast clouds
390,San Cristobal,7.7669,-72.225,82.58,54,33,5.82,VE,2022-05-08 19:51:18,scattered clouds
391,Falam,22.9167,93.6833,62.37,95,99,1.81,MM,2022-05-08 19:51:18,overcast clouds
392,Hibbing,47.4272,-92.9377,49.35,60,100,10.36,US,2022-05-08 19:51:19,overcast clouds
393,Kosa,59.9445,54.9977,45.5,69,8,8.08,RU,2022-05-08 19:51:19,clear sky
394,Jamestown,42.097,-79.2353,68.52,24,0,10.36,US,2022-05-08 19:50:53,clear sky
395,Salta,-24.7859,-65.4117,66.79,78,75,8.05,AR,2022-05-08 19:49:13,broken clouds
396,Hambantota,6.1241,81.1185,82.09,83,97,18.12,LK,2022-05-08 19:51:20,overcast clouds
397,Hobart,-42.8794,147.3294,42.06,90,54,9.22,AU,2022-05-08 19:51:21,broken clouds
398,Inverness,57.4791,-4.224,59.85,63,20,4.61,GB,2022-05-08 19:50:34,few clouds
399,Ituiutaba,-18.9689,-49.465,85.59,40,23,9.93,BR,2022-05-08 19:51:22,few clouds
400,Victoria,22.2855,114.1577,77.38,78,100,8.01,HK,2022-05-08 19:49:15,light rain
401,Hobyo,5.3505,48.5268,83.19,83,100,16.53,SO,2022-05-08 19:51:23,overcast clouds
402,Gamba,-2.65,10.0,78.21,89,72,3.89,GA,2022-05-08 19:51:24,broken clouds
403,Sosnovka,56.255,51.2842,45.88,71,11,3.44,RU,2022-05-08 19:51:25,few clouds
404,Xining,36.6167,101.7667,45.95,78,1,1.3,CN,2022-05-08 19:46:49,clear sky
405,Bonavista,48.6499,-53.1147,34.65,69,4,12.26,CA,2022-05-08 19:49:00,clear sky
406,Haukipudas,65.1765,25.3523,37.45,81,41,6.73,FI,2022-05-08 19:51:26,scattered clouds
407,Grao Mogol,-16.5594,-42.8897,74.48,51,96,4.36,BR,2022-05-08 19:50:45,overcast clouds
408,Comodoro Rivadavia,-45.8667,-67.5,66.06,24,20,21.85,AR,2022-05-08 19:51:27,few clouds
409,Moron,-34.6534,-58.6198,74.89,53,100,3.83,AR,2022-05-08 19:52:27,overcast clouds
410,Kunya,12.2233,8.5325,93.36,40,0,3.44,NG,2022-05-08 19:52:28,clear sky
411,Zhigansk,66.7697,123.3711,20.12,94,100,26.15,RU,2022-05-08 19:52:29,snow
412,Oksfjord,70.2396,22.3479,35.67,87,100,8.79,NO,2022-05-08 19:52:29,light snow
413,Santa Rosa,14.3122,121.1114,83.1,78,77,7.56,PH,2022-05-08 19:52:30,broken clouds
414,Yabelo,4.8833,38.0833,59.94,89,63,7.0,ET,2022-05-08 19:50:51,broken clouds
415,Vila Franca Do Campo,37.7167,-25.4333,69.19,78,88,1.97,PT,2022-05-08 19:52:31,overcast clouds
416,Vuktyl,63.8567,57.3094,46.96,75,20,11.27,RU,2022-05-08 19:52:31,few clouds
417,Mpika,-11.8343,31.4529,60.44,78,34,3.36,ZM,2022-05-08 19:50:40,scattered clouds
418,Buala,-8.145,159.5921,80.38,85,100,7.92,SB,2022-05-08 19:52:32,light rain
419,Linqiong,30.4159,103.4609,67.82,97,100,14.76,CN,2022-05-08 19:52:33,light rain
420,Salym,60.0625,71.4789,41.9,93,50,6.24,RU,2022-05-08 19:52:33,scattered clouds
421,Loyga,61.0784,44.6075,42.6,95,100,8.39,RU,2022-05-08 19:52:34,overcast clouds
422,Kodino,63.7198,39.6447,29.97,95,14,1.97,RU,2022-05-08 19:52:34,few clouds
423,Kasempa,-13.4584,25.8338,64.4,61,1,3.6,ZM,2022-05-08 19:52:35,clear sky
424,Dandong,40.1292,124.3947,43.52,64,0,5.01,CN,2022-05-08 19:47:50,clear sky
425,Martapura,-3.4167,114.85,75.29,100,100,2.3,ID,2022-05-08 19:52:36,overcast clouds
426,Leamington,42.0549,-82.6062,63.91,60,21,12.28,CA,2022-05-08 19:52:36,few clouds
427,Kanonji,34.1167,133.65,58.55,66,99,5.99,JP,2022-05-08 19:52:37,overcast clouds
428,Chifeng,42.2683,118.9636,46.51,40,0,5.79,CN,2022-05-08 19:52:38,clear sky
429,Taubate,-23.0264,-45.5553,72.9,64,75,6.91,BR,2022-05-08 19:52:28,broken clouds
430,Punta Arenas,-53.15,-70.9167,46.51,66,40,23.02,CL,2022-05-08 19:52:38,scattered clouds
431,Kashan,33.9831,51.4364,72.99,8,0,4.61,IR,2022-05-08 19:52:39,clear sky
432,Kollam,8.8833,76.6,82.6,84,99,11.01,IN,2022-05-08 19:50:48,overcast clouds
433,Whitehorse,60.7161,-135.0538,48.97,43,20,6.91,CA,2022-05-08 19:52:40,few clouds
434,Tahoua,14.8888,5.2692,100.38,23,0,3.44,NE,2022-05-08 19:52:40,clear sky
435,Kemijarvi,66.7131,27.4306,33.31,75,98,5.53,FI,2022-05-08 19:52:41,overcast clouds
436,Chimbote,-9.0853,-78.5783,68.41,80,100,10.74,PE,2022-05-08 19:48:06,overcast clouds
437,Tasiilaq,65.6145,-37.6368,36.19,64,100,4.47,GL,2022-05-08 19:52:42,overcast clouds
438,Hirado,33.3597,129.5531,61.39,71,45,19.33,JP,2022-05-08 19:52:42,scattered clouds
439,Butaritari,3.0707,172.7902,82.06,78,14,15.95,KI,2022-05-08 19:52:43,few clouds
440,Santa Cruz De La Palma,28.6835,-17.7642,68.14,73,20,14.97,ES,2022-05-08 19:52:43,few clouds
441,Richards Bay,-28.783,32.0377,65.84,89,96,10.98,ZA,2022-05-08 19:52:44,light rain
442,Huarmey,-10.0681,-78.1522,70.93,74,100,12.3,PE,2022-05-08 19:52:44,overcast clouds
443,Baturaja,-4.1333,104.1667,75.09,90,100,2.35,ID,2022-05-08 19:52:45,overcast clouds
444,Porbandar,21.6422,69.6093,81.82,76,0,13.4,IN,2022-05-08 19:52:45,clear sky
445,Tigil,57.8,158.6667,36.23,99,100,4.97,RU,2022-05-08 19:52:46,overcast clouds
446,Thunder Bay,48.4001,-89.3168,53.29,45,100,10.36,CA,2022-05-08 19:50:57,overcast clouds
447,Shenkursk,62.1091,42.896,40.1,92,100,8.23,RU,2022-05-08 19:52:47,light rain
448,Montlucon,46.3333,2.6,55.08,93,16,4.21,FR,2022-05-08 19:52:47,few clouds
449,Ames,42.0347,-93.6199,63.01,95,100,18.41,US,2022-05-08 19:52:48,mist
450,Ajdabiya,30.7554,20.2263,67.53,52,0,11.68,LY,2022-05-08 19:52:48,clear sky
451,Kidal,18.4411,1.4078,89.83,5,0,11.95,ML,2022-05-08 19:52:49,clear sky
452,Mizdah,31.4451,12.9801,62.56,56,1,7.96,LY,2022-05-08 19:52:50,clear sky
453,Sur,22.5667,59.5289,89.4,38,0,11.12,OM,2022-05-08 19:52:50,clear sky
454,Chapais,49.7834,-74.8492,58.78,38,15,3.8,CA,2022-05-08 19:52:51,few clouds
455,General Roca,-39.0333,-67.5833,70.63,42,100,18.43,AR,2022-05-08 19:52:51,overcast clouds
456,Storforshei,66.4043,14.5233,36.66,93,75,1.14,NO,2022-05-08 19:52:52,light rain and snow
457,Gondal,21.9667,70.8,83.12,63,0,13.94,IN,2022-05-08 19:52:52,clear sky
458,Okara,30.8081,73.4458,90.91,14,0,7.67,PK,2022-05-08 19:53:53,clear sky
459,Concepcion,-36.827,-73.0498,55.2,94,100,6.91,CL,2022-05-08 19:53:54,overcast clouds
460,Port Alfred,-33.5906,26.891,58.17,92,84,3.0,ZA,2022-05-08 19:53:54,broken clouds
461,Longyearbyen,78.2186,15.6401,17.44,62,75,19.57,SJ,2022-05-08 19:53:55,broken clouds
462,Port Moresby,-9.4431,147.1797,76.42,100,40,5.75,PG,2022-05-08 19:53:55,scattered clouds
463,Caborca,30.5838,-111.101,88.99,13,0,24.02,MX,2022-05-08 19:50:37,clear sky
464,Kaka,37.3482,59.6143,66.92,84,91,10.6,TM,2022-05-08 19:53:56,moderate rain
465,Touros,-5.1989,-35.4608,79.68,82,100,13.4,BR,2022-05-08 19:53:57,overcast clouds
466,Mogadishu,2.0371,45.3438,82.2,85,36,18.81,SO,2022-05-08 19:53:58,light rain
467,Bilibino,68.0546,166.4372,23.38,88,100,5.97,RU,2022-05-08 19:53:58,overcast clouds
468,Fortuna,40.5982,-124.1573,49.08,81,75,9.22,US,2022-05-08 19:53:59,light rain
469,Garhi Khairo,28.0606,67.9803,94.39,28,0,12.39,PK,2022-05-08 19:54:00,clear sky
470,Synya,65.3718,58.0387,45.05,83,67,11.88,RU,2022-05-08 19:54:00,broken clouds
471,Cromarty,57.6805,-4.0339,59.76,63,20,4.61,GB,2022-05-08 19:54:01,few clouds
472,Port Elizabeth,-33.918,25.5701,62.89,84,75,8.05,ZA,2022-05-08 19:51:23,broken clouds
473,Yumen,40.2833,97.2,58.84,43,72,3.83,CN,2022-05-08 19:54:02,broken clouds
474,Ransang,8.9603,117.5828,79.84,81,100,2.98,PH,2022-05-08 19:54:02,overcast clouds
475,Zima,53.9202,102.0442,29.16,63,14,7.76,RU,2022-05-08 19:54:03,few clouds
476,Rikitea,-23.1203,-134.9692,76.48,76,87,21.14,PF,2022-05-08 19:54:03,overcast clouds
477,Nokaneng,-19.6667,22.2667,66.85,27,0,7.05,BW,2022-05-08 19:50:48,clear sky
478,Port Hedland,-20.3167,118.5667,69.85,43,79,8.05,AU,2022-05-08 19:54:04,broken clouds
479,Toppenish,46.3774,-120.3087,57.02,40,92,2.77,US,2022-05-08 19:54:05,overcast clouds
480,Maniitsoq,65.4167,-52.9,33.01,82,30,16.71,GL,2022-05-08 19:54:06,scattered clouds
481,Atuona,-9.8,-139.0333,78.58,75,1,16.06,PF,2022-05-08 19:54:06,clear sky
482,Chernogorsk,53.8236,91.2842,31.53,54,0,2.24,RU,2022-05-08 19:54:07,clear sky
483,Mantua,45.1667,10.7833,67.15,78,86,1.01,IT,2022-05-08 19:54:07,overcast clouds
484,Chapleau,47.8405,-83.4034,68.09,17,0,6.91,CA,2022-05-08 19:54:08,clear sky
485,Chaihe,44.7667,129.7,38.43,50,0,5.17,CN,2022-05-08 19:54:08,clear sky
486,Yebaishou,41.3975,119.6408,44.26,63,0,2.82,CN,2022-05-08 19:54:09,clear sky
487,Crestview,30.7621,-86.5705,89.76,37,20,12.66,US,2022-05-08 19:53:13,few clouds
488,Fort Nelson,58.8053,-122.7002,33.39,86,100,20.71,CA,2022-05-08 19:54:10,light snow
489,Uvat,59.1433,68.8953,48.56,70,93,4.99,RU,2022-05-08 19:54:11,overcast clouds
490,Beloha,-25.1667,45.05,70.14,85,8,3.04,MG,2022-05-08 19:54:11,clear sky
491,Matay,28.419,30.7792,85.26,16,90,7.4,EG,2022-05-08 19:54:12,overcast clouds
492,Bubaque,11.2833,-15.8333,77.18,71,12,10.09,GW,2022-05-08 19:54:12,few clouds
493,Port Lincoln,-34.7333,135.8667,57.9,76,97,8.95,AU,2022-05-08 19:51:58,overcast clouds
494,Kargasok,59.0556,80.8572,32.34,60,14,4.59,RU,2022-05-08 19:54:13,few clouds
495,Lucapa,-8.4192,20.7447,71.71,63,45,3.44,AO,2022-05-08 19:54:14,scattered clouds
496,Chuguyevka,44.1653,133.8633,35.64,65,31,4.07,RU,2022-05-08 19:54:15,scattered clouds
497,San Felipe,10.3399,-68.7425,85.46,60,93,3.15,VE,2022-05-08 19:54:15,light rain
498,Cabo San Lucas,22.8909,-109.9124,89.62,51,99,13.04,MX,2022-05-08 19:54:16,overcast clouds
499,Bluff,-46.6,168.3333,49.8,88,100,2.35,NZ,2022-05-08 19:54:16,moderate rain
500,Antalya,36.7741,30.7178,65.08,73,0,3.44,TR,2022-05-08 19:54:17,clear sky
501,Lixourion,38.2019,20.4314,62.47,78,94,2.86,GR,2022-05-08 19:54:17,overcast clouds
502,Faanui,-16.4833,-151.75,81.86,75,0,10.54,PF,2022-05-08 19:54:18,light rain
503,Afua,-0.1567,-50.3867,77.23,94,99,7.23,BR,2022-05-08 19:55:19,overcast clouds
504,Ukiah,39.1502,-123.2078,54.84,75,40,6.91,US,2022-05-08 19:55:19,scattered clouds
505,Zabid,14.1951,43.3152,87.21,57,97,5.19,YE,2022-05-08 19:55:20,overcast clouds
506,Shiraz,29.6036,52.5388,67.44,17,0,0.0,IR,2022-05-08 19:55:20,dust
507,Westport,41.1415,-73.3579,60.46,36,100,8.99,US,2022-05-08 19:55:21,overcast clouds
508,Haines Junction,60.7522,-137.5108,49.95,46,16,8.05,CA,2022-05-08 19:55:22,few clouds
509,Cidreira,-30.1811,-50.2056,67.15,76,0,13.31,BR,2022-05-08 19:55:22,clear sky
510,Monte Carmelo,-18.7247,-47.4986,76.01,53,98,4.45,BR,2022-05-08 19:55:23,overcast clouds
511,Ballinrobe,53.6333,-9.2333,56.75,78,100,14.76,IE,2022-05-08 19:55:23,overcast clouds
512,Qasigiannguit,68.8193,-51.1922,25.79,75,5,2.3,GL,2022-05-08 19:51:41,clear sky
513,Xai-Xai,-25.0519,33.6442,70.27,89,41,10.0,MZ,2022-05-08 19:55:24,moderate rain
514,Esperance,-33.8667,121.9,55.24,46,2,9.42,AU,2022-05-08 19:55:25,clear sky
515,Simbahan,6.3032,120.5836,83.75,75,100,7.02,PH,2022-05-08 19:55:25,overcast clouds
516,Olafsvik,64.8945,-23.7142,44.96,90,100,19.17,IS,2022-05-08 19:55:26,light rain
517,Sungaipenuh,-2.0833,101.3833,65.8,90,100,1.12,ID,2022-05-08 19:55:26,overcast clouds
518,Hof,50.3167,11.9167,54.73,76,25,4.61,DE,2022-05-08 19:55:27,scattered clouds
519,Plettenberg Bay,-34.0527,23.3716,57.0,75,90,5.75,ZA,2022-05-08 19:55:28,overcast clouds
520,Svetlaya,46.5389,138.3297,41.41,67,90,6.6,RU,2022-05-08 19:55:28,overcast clouds
521,Muroto,33.2833,134.15,64.9,75,93,1.74,JP,2022-05-08 19:55:29,overcast clouds
522,Jining,35.405,116.5814,52.79,65,100,8.68,CN,2022-05-08 19:55:29,overcast clouds
523,Airai,-8.9266,125.4092,58.59,88,33,4.47,TL,2022-05-08 19:55:30,scattered clouds
524,Tonekabon,36.8163,50.8738,58.95,93,99,6.24,IR,2022-05-08 19:55:30,light rain
525,Bambous Virieux,-20.3428,57.7575,75.45,83,40,4.61,MU,2022-05-08 19:55:31,scattered clouds
526,Haputale,6.7681,80.9595,65.61,76,100,6.35,LK,2022-05-08 19:55:32,light rain
527,Tuatapere,-46.1333,167.6833,50.74,92,100,3.87,NZ,2022-05-08 19:55:32,light rain
528,Rosetown,51.5501,-108.0014,49.66,40,62,4.61,CA,2022-05-08 19:55:33,broken clouds
529,Grindavik,63.8424,-22.4338,51.75,93,75,19.57,IS,2022-05-08 19:55:33,light intensity drizzle
530,Marzuq,14.4,46.4667,76.84,52,99,5.53,YE,2022-05-08 19:55:34,overcast clouds
531,Ulladulla,-35.35,150.4667,56.3,85,48,8.16,AU,2022-05-08 19:55:34,scattered clouds
532,Larsnes,62.2028,5.5773,50.59,62,100,10.47,NO,2022-05-08 19:55:35,overcast clouds
533,Saveh,35.0213,50.3566,64.89,28,0,12.95,IR,2022-05-08 19:55:35,clear sky
534,Iqaluit,63.7506,-68.5145,29.93,58,75,3.44,CA,2022-05-08 19:55:36,broken clouds
535,Veraval,20.9,70.3667,81.7,79,0,16.89,IN,2022-05-08 19:55:37,clear sky
536,Gasa,31.5,34.4667,65.19,59,0,8.48,PS,2022-05-08 19:54:38,clear sky
537,Tres Arroyos,-38.3739,-60.2798,73.42,48,5,13.85,AR,2022-05-08 19:55:38,clear sky
538,Mildura,-34.2,142.15,50.07,81,100,3.44,AU,2022-05-08 19:55:38,overcast clouds
539,Korla,41.7597,86.1469,67.62,44,0,9.62,CN,2022-05-08 19:55:39,clear sky
540,Shingu,33.7333,135.9833,57.92,69,93,5.17,JP,2022-05-08 19:55:39,overcast clouds
541,Sao Lourenco Do Sul,-31.3653,-51.9783,66.54,77,0,6.46,BR,2022-05-08 19:55:40,clear sky
542,Pangnirtung,66.1451,-65.7125,27.37,85,67,3.69,CA,2022-05-08 19:55:40,broken clouds
543,Havoysund,70.9963,24.6622,32.23,70,100,17.63,NO,2022-05-08 19:54:15,light snow
544,Kruisfontein,-34.0033,24.7314,53.89,63,100,3.18,ZA,2022-05-08 19:55:41,overcast clouds
545,Black River,18.0264,-77.8487,84.49,64,13,14.14,JM,2022-05-08 19:55:42,few clouds
546,Howard Springs,-12.497,131.047,75.11,69,2,6.49,AU,2022-05-08 19:55:42,clear sky
547,Hobro,56.6431,9.7903,48.38,52,50,4.54,DK,2022-05-08 19:55:43,scattered clouds
548,Chervishevo,56.9464,65.4278,44.89,54,58,5.55,RU,2022-05-08 19:56:43,broken clouds
549,Adrar,20.5022,-10.0711,93.83,11,70,8.57,MR,2022-05-08 19:56:44,broken clouds
550,Mangai,-4.05,19.5333,72.14,92,100,2.35,CD,2022-05-08 19:56:45,overcast clouds
551,Kirovskiy,45.0917,133.5136,38.52,64,64,5.01,RU,2022-05-08 19:56:45,broken clouds
552,Cayhagan,9.6697,122.4256,80.74,76,94,9.04,PH,2022-05-08 19:56:46,overcast clouds
553,Montego Bay,18.4712,-77.9188,84.0,74,40,10.36,JM,2022-05-08 19:56:46,scattered clouds
554,Meulaboh,4.1363,96.1285,77.18,90,100,3.94,ID,2022-05-08 19:56:47,light rain
555,Northam,51.0333,-4.2167,57.38,82,47,8.34,GB,2022-05-08 19:56:47,scattered clouds
556,Havre-Saint-Pierre,50.2334,-63.5986,46.76,42,20,23.02,CA,2022-05-08 19:56:48,few clouds
557,Basoko,1.2391,23.616,74.21,89,99,2.1,CD,2022-05-08 19:56:48,overcast clouds
558,Vao,-22.6667,167.4833,74.28,61,94,16.53,NC,2022-05-08 19:56:49,overcast clouds
559,Bambanglipuro,-7.95,110.2833,77.16,90,99,2.64,ID,2022-05-08 19:56:49,overcast clouds
560,Korhogo,9.45,-5.6333,84.42,51,22,4.61,CI,2022-05-08 19:56:50,light rain
561,Zapolyarnyy,69.4154,30.8136,31.28,80,92,2.51,RU,2022-05-08 19:56:51,overcast clouds
562,Karaj,35.8355,51.0103,64.92,38,20,19.57,IR,2022-05-08 19:56:51,few clouds
563,Severo-Kurilsk,50.6789,156.125,38.66,95,100,20.02,RU,2022-05-08 19:53:59,moderate rain
564,Baracoa,20.3467,-74.4958,87.12,61,12,2.24,CU,2022-05-08 19:56:52,few clouds
565,Diamantino,-14.4086,-56.4461,86.56,40,5,4.59,BR,2022-05-08 19:56:53,clear sky
566,Willowmore,-33.2926,23.4895,51.96,54,58,6.38,ZA,2022-05-08 19:56:53,broken clouds
567,Tezu,27.9167,96.1667,72.7,73,2,4.85,IN,2022-05-08 19:56:54,clear sky
568,Xinyu,27.8043,114.9334,69.03,99,100,2.55,CN,2022-05-08 19:56:54,moderate rain
569,Qinggang,46.6833,126.0833,48.38,41,0,8.52,CN,2022-05-08 19:56:55,clear sky
570,Rio Claro,-22.4114,-47.5614,73.09,73,34,5.23,BR,2022-05-08 19:56:56,scattered clouds
571,Ipixuna,-1.7625,-48.8043,77.32,95,100,3.94,BR,2022-05-08 19:56:56,very heavy rain
572,Ponta Delgada,37.7333,-25.6667,69.49,77,40,9.22,PT,2022-05-08 19:56:57,scattered clouds
573,Ketchikan,55.3422,-131.6461,54.07,50,0,9.22,US,2022-05-08 19:52:57,clear sky
574,Bethel,41.3712,-73.414,59.65,44,100,11.99,US,2022-05-08 19:56:58,overcast clouds
575,Okhotsk,59.3833,143.3,34.02,86,14,1.14,RU,2022-05-08 19:56:58,few clouds
576,Saint-Nazaire,47.2833,-2.2,70.07,67,0,5.75,FR,2022-05-08 19:56:59,clear sky
577,Syasstroy,60.1367,32.5691,38.34,73,65,10.25,RU,2022-05-08 19:57:00,broken clouds
578,Sao Gabriel Da Cachoeira,-0.1303,-67.0892,80.4,89,75,6.91,BR,2022-05-08 19:57:00,broken clouds
579,Santa Vitoria Do Palmar,-33.5189,-53.3681,65.14,69,3,3.87,BR,2022-05-08 19:57:01,clear sky
580,Iskateley,67.6803,53.1512,30.13,96,100,4.74,RU,2022-05-08 19:57:01,overcast clouds
581,Porto Novo,6.4965,2.6036,84.02,81,27,10.63,BJ,2022-05-08 19:57:02,scattered clouds
582,Kilindoni,-7.9139,39.6668,81.34,76,38,15.37,TZ,2022-05-08 19:57:03,scattered clouds
583,Phan Thiet,10.9333,108.1,78.89,86,100,7.0,VN,2022-05-08 19:54:54,overcast clouds
584,Bacolod,10.6667,122.95,79.65,81,99,10.04,PH,2022-05-08 19:57:03,overcast clouds
585,Ilulissat,69.2167,-51.1,26.76,73,2,2.53,GL,2022-05-08 19:57:04,clear sky
586,Albany,42.6001,-73.9662,65.03,26,100,3.0,US,2022-05-08 19:57:05,overcast clouds
587,Altay,47.8667,88.1167,46.0,43,100,5.1,CN,2022-05-08 19:57:05,overcast clouds
588,Cabedelo,-6.9811,-34.8339,83.07,78,98,14.38,BR,2022-05-08 19:57:06,overcast clouds
589,Tumpat,6.1978,102.171,80.58,94,40,0.0,MY,2022-05-08 19:57:06,scattered clouds
590,Goya,-29.14,-59.2626,72.77,47,36,4.76,AR,2022-05-08 19:57:07,scattered clouds
591,Rosita,13.9268,-84.4032,95.31,39,31,5.23,NI,2022-05-08 19:57:08,scattered clouds
592,Santo Tomas,14.1079,121.1414,81.55,91,69,4.74,PH,2022-05-08 19:57:08,broken clouds
593,Sao Filipe,14.8961,-24.4956,73.78,73,1,13.27,CV,2022-05-08 19:58:09,clear sky
594,Lasa,46.6166,10.7002,52.36,95,99,3.02,IT,2022-05-08 19:58:10,overcast clouds
595,Stafford,52.8052,-2.1164,61.48,23,18,6.42,GB,2022-05-08 19:53:27,few clouds
596,Dalbandin,28.8947,64.4101,87.66,12,0,3.71,PK,2022-05-08 19:58:11,clear sky
597,Bredasdorp,-34.5322,20.0403,54.9,88,99,2.26,ZA,2022-05-08 19:58:11,overcast clouds
598,Yarada,17.65,83.2667,84.52,74,20,2.3,IN,2022-05-08 19:58:12,few clouds
599,Kalispell,48.1958,-114.3129,48.29,52,100,11.99,US,2022-05-08 19:58:13,overcast clouds
600,Hit,33.6416,42.8251,71.44,35,2,6.64,IQ,2022-05-08 19:58:13,clear sky
601,College,64.8569,-147.8028,42.21,69,75,11.5,US,2022-05-08 19:53:55,broken clouds
602,Tooele,40.5308,-112.2983,63.9,29,40,10.36,US,2022-05-08 19:54:58,scattered clouds
603,Qaqortoq,60.7167,-46.0333,38.93,76,100,3.13,GL,2022-05-08 19:58:15,overcast clouds
604,Homer,59.6425,-151.5483,44.76,74,96,15.99,US,2022-05-08 19:58:15,overcast clouds
605,North Bend,43.4065,-124.2243,49.24,91,100,11.5,US,2022-05-08 19:58:16,overcast clouds
606,Umm Kaddadah,13.6017,26.6876,85.69,6,86,12.5,SD,2022-05-08 19:58:16,overcast clouds
607,Labytnangi,66.6572,66.4183,33.96,100,100,4.34,RU,2022-05-08 19:56:20,overcast clouds
608,Samarai,-10.6167,150.6667,82.45,81,92,13.04,PG,2022-05-08 19:58:17,overcast clouds
609,Katsuura,35.1333,140.3,61.0,68,100,11.43,JP,2022-05-08 19:58:18,overcast clouds
610,Abalak,58.1286,68.5944,47.8,60,23,4.34,RU,2022-05-08 19:58:19,few clouds
611,Quelimane,-17.8786,36.8883,75.15,83,0,4.61,MZ,2022-05-08 19:58:19,clear sky
612,Saint-Augustin,51.226,-58.6502,45.7,45,96,10.04,CA,2022-05-08 19:58:20,overcast clouds
613,Palmer,42.1584,-72.3287,59.5,26,100,7.0,US,2022-05-08 19:58:20,overcast clouds
614,Enshi,30.3,109.4833,64.15,96,64,1.43,CN,2022-05-08 19:58:21,broken clouds
615,Bhinga,27.7167,81.9333,82.36,44,0,6.06,IN,2022-05-08 19:58:22,clear sky
616,Praia Da Vitoria,38.7333,-27.0667,66.76,68,20,3.98,PT,2022-05-08 19:54:51,few clouds
617,Myitkyina,25.3833,97.4,70.83,98,15,1.43,MM,2022-05-08 19:58:22,few clouds
618,Kodiak,57.79,-152.4072,44.58,59,91,5.17,US,2022-05-08 19:53:38,overcast clouds
619,Port-Gentil,-0.7193,8.7815,82.36,83,40,9.22,GA,2022-05-08 19:58:23,scattered clouds
620,Batagay,67.6333,134.6333,29.86,97,100,5.06,RU,2022-05-08 19:58:24,snow
621,High Level,58.5169,-117.136,35.71,93,100,13.8,CA,2022-05-08 19:58:25,light snow
622,General Pico,-35.6566,-63.7568,76.37,39,100,2.08,AR,2022-05-08 19:58:25,overcast clouds
623,Omboue,-1.5746,9.2618,78.08,91,50,5.68,GA,2022-05-08 19:58:26,scattered clouds
624,Havelock,34.8791,-76.9013,55.35,92,100,5.01,US,2022-05-08 19:58:26,overcast clouds
625,Zhezkazgan,47.8043,67.7144,53.91,32,100,17.07,KZ,2022-05-08 19:58:27,overcast clouds
626,Qaanaaq,77.484,-69.3632,25.79,74,100,1.45,GL,2022-05-08 19:58:27,overcast clouds
627,Esmeraldas,-19.7625,-44.3139,79.66,62,75,4.83,BR,2022-05-08 19:58:28,broken clouds
628,Bafq,31.6128,55.4107,74.91,14,0,2.15,IR,2022-05-08 19:57:49,clear sky
629,Arraial Do Cabo,-22.9661,-42.0278,75.16,73,75,6.91,BR,2022-05-08 19:54:00,broken clouds
630,Anadyr,64.75,177.4833,34.3,93,75,20.13,RU,2022-05-08 19:58:29,broken clouds
631,Coracora,-15.0333,-73.7833,60.64,42,50,12.19,PE,2022-05-08 19:58:30,scattered clouds
632,Sambava,-14.2667,50.1667,75.42,90,17,8.23,MG,2022-05-08 19:58:30,light rain
633,Acapulco,16.8634,-99.8901,86.65,57,60,10.38,MX,2022-05-08 19:56:18,broken clouds
634,San Miguelito,9.0333,-79.5,89.04,71,20,12.66,PA,2022-05-08 19:58:31,few clouds
635,Gorontalo,0.5412,123.0595,76.28,94,100,2.19,ID,2022-05-08 19:58:32,overcast clouds
636,Saint-Philippe,-21.3585,55.7679,72.99,84,40,7.61,RE,2022-05-08 19:58:32,scattered clouds
637,Pochutla,15.7432,-96.4661,92.82,39,52,9.78,MX,2022-05-08 19:58:33,broken clouds
638,Spas-Klepiki,55.1347,40.1767,49.1,85,80,5.12,RU,2022-05-08 19:59:34,broken clouds
639,Alta Floresta,-9.8756,-56.0861,91.22,55,40,6.91,BR,2022-05-08 19:59:34,scattered clouds
640,Kununurra,-15.7667,128.7333,73.38,31,0,8.05,AU,2022-05-08 19:59:35,clear sky
641,Norilsk,69.3535,88.2027,9.43,90,59,5.97,RU,2022-05-08 19:59:36,broken clouds
642,Rodniki,57.1051,41.7305,50.02,91,100,5.3,RU,2022-05-08 19:59:36,overcast clouds
643,Alugan,12.2188,125.4808,79.79,80,28,6.73,PH,2022-05-08 19:59:37,scattered clouds
644,Mugur-Aksy,50.35,90.5,24.28,69,51,5.68,RU,2022-05-08 19:59:37,broken clouds
645,Marawi,7.9986,124.2928,69.85,96,93,1.28,PH,2022-05-08 19:59:38,overcast clouds
646,Hwange,-18.3693,26.5019,69.58,65,42,2.59,ZW,2022-05-08 19:59:39,scattered clouds
647,Ponta Do Sol,32.6667,-17.1,65.71,76,76,5.44,PT,2022-05-08 19:59:39,broken clouds
648,Bay City,43.5945,-83.8889,68.11,45,0,8.05,US,2022-05-08 19:59:40,clear sky
649,Bafra,41.5678,35.9069,53.82,90,43,5.17,TR,2022-05-08 19:59:41,scattered clouds
650,Thompson,55.7435,-97.8558,55.56,58,75,19.57,CA,2022-05-08 19:55:01,broken clouds
651,Gilgit,35.9221,74.3087,72.3,31,0,3.89,PK,2022-05-08 19:59:41,clear sky
652,Dondo,-19.6094,34.7431,71.11,85,6,5.64,MZ,2022-05-08 19:59:42,clear sky
653,Sao Joao Da Barra,-21.6403,-41.0511,77.09,74,19,14.65,BR,2022-05-08 19:59:42,few clouds
654,La Paz,-16.5,-68.15,64.38,20,75,13.8,BO,2022-05-08 19:55:17,broken clouds
655,Imeni Poliny Osipenko,52.4201,136.4853,32.0,89,3,4.5,RU,2022-05-08 19:59:43,clear sky
656,Freeport,40.6576,-73.5832,61.11,39,100,11.01,US,2022-05-08 19:59:44,overcast clouds
657,San Patricio,28.017,-97.5169,91.49,48,3,20.36,US,2022-05-08 19:59:44,clear sky
658,Limbe,4.0242,9.2149,80.17,86,96,7.34,CM,2022-05-08 19:59:45,light rain
659,Klyuchi,52.2667,79.1667,47.07,48,8,4.25,RU,2022-05-08 19:59:45,clear sky
660,Yulara,-25.2406,130.9889,51.64,37,100,8.05,AU,2022-05-08 19:59:46,overcast clouds
661,Beyneu,45.3167,55.2,64.15,63,100,15.1,KZ,2022-05-08 19:59:47,light rain
662,Port Hardy,50.6996,-127.4199,50.18,62,40,13.8,CA,2022-05-08 19:59:47,scattered clouds
663,Abu Samrah,35.3029,37.1841,62.51,51,1,6.64,SY,2022-05-08 19:59:48,clear sky
664,Puerto Ayora,-0.7393,-90.3518,80.56,77,11,11.21,EC,2022-05-08 19:57:20,few clouds
665,Saint George,37.1041,-113.5841,83.62,12,0,13.0,US,2022-05-08 19:59:05,clear sky
666,New Norfolk,-42.7826,147.0587,41.72,79,36,2.66,AU,2022-05-08 19:59:49,scattered clouds
667,Atar,20.5169,-13.0499,96.22,16,98,11.56,MR,2022-05-08 19:59:49,overcast clouds
668,Belle Fourche,44.6714,-103.8522,72.32,19,22,18.37,US,2022-05-08 19:59:50,few clouds
669,San Pedro,14.35,121.0167,82.35,77,20,3.44,PH,2022-05-08 19:59:51,few clouds
670,Ankazobe,-18.3167,47.1167,63.45,85,21,0.89,MG,2022-05-08 19:59:51,few clouds
671,Quincy,42.2529,-71.0023,56.93,49,100,8.99,US,2022-05-08 19:59:52,overcast clouds
672,Oster,50.9506,30.8823,57.04,76,98,7.4,UA,2022-05-08 19:59:52,light rain
673,Kleive,62.7954,7.6359,47.91,49,0,3.44,NO,2022-05-08 19:59:53,clear sky
674,Podyuga,61.095,40.8647,39.45,95,100,6.31,RU,2022-05-08 19:59:54,light rain
675,Hare Bay,48.8499,-54.0148,51.19,50,5,6.67,CA,2022-05-08 19:59:54,clear sky
676,Mehamn,71.0357,27.8492,30.11,81,99,15.61,NO,2022-05-08 19:59:55,light snow
677,Liverpool,53.4106,-2.9779,61.65,71,20,5.75,GB,2022-05-08 19:57:38,few clouds
678,Hamilton,39.1834,-84.5333,71.76,49,0,4.0,US,2022-05-08 19:55:00,clear sky
679,Dawson Creek,55.7666,-120.2362,33.44,86,100,11.5,CA,2022-05-08 19:59:56,overcast clouds
680,Agadir,30.4202,-9.5982,90.05,34,37,2.1,MA,2022-05-08 19:59:56,scattered clouds
681,Chabahar,25.2919,60.643,83.01,69,0,8.79,IR,2022-05-08 19:59:57,clear sky
682,Vizinga,61.0749,50.1031,51.21,65,66,9.89,RU,2022-05-08 19:59:57,broken clouds
683,Santiago Del Estero,-27.7951,-64.2615,70.38,54,98,9.93,AR,2022-05-08 19:57:52,overcast clouds
684,Upernavik,72.7868,-56.1549,20.86,77,87,6.42,GL,2022-05-08 20:00:58,overcast clouds
685,Farmington,36.7281,-108.2187,79.16,12,0,15.01,US,2022-05-08 19:58:14,clear sky
686,Mineros,-17.1167,-63.2333,88.99,35,71,9.4,BO,2022-05-08 20:00:59,broken clouds
687,Dikson,73.5069,80.5464,23.25,93,100,29.06,RU,2022-05-08 20:01:00,light snow
688,Los Llanos De Aridane,28.6585,-17.9182,64.15,73,20,14.97,ES,2022-05-08 20:01:00,few clouds
689,Sitka,57.0531,-135.33,51.24,64,24,6.31,US,2022-05-08 20:01:01,few clouds
690,Hutchinson,38.0608,-97.9298,87.04,58,63,1.99,US,2022-05-08 19:59:35,broken clouds
691,Cape Town,-33.9258,18.4232,58.91,83,0,4.61,ZA,2022-05-08 19:56:37,clear sky
692,Ahipara,-35.1667,173.1667,60.53,86,95,6.64,NZ,2022-05-08 20:01:02,overcast clouds
693,Pundaguitan,6.3711,126.1689,77.36,94,100,14.74,PH,2022-05-08 20:01:03,heavy intensity rain
694,Quatre Cocos,-20.2078,57.7625,75.31,86,23,8.46,MU,2022-05-08 20:01:03,few clouds
695,Laguna,38.421,-121.4238,65.05,43,75,16.11,US,2022-05-08 20:01:04,broken clouds
696,Praia,14.9215,-23.5087,71.71,79,8,14.54,CV,2022-05-08 20:01:05,clear sky
697,Riviere-Au-Renard,48.9957,-64.3971,44.83,61,2,13.2,CA,2022-05-08 20:01:05,clear sky
698,Gat,31.61,34.7642,68.4,51,1,7.14,IL,2022-05-08 20:00:03,clear sky
699,Nuuk,64.1835,-51.7216,34.41,86,20,15.01,GL,2022-05-08 20:01:06,few clouds
700,Yeniseysk,58.4497,92.1703,27.09,70,63,4.92,RU,2022-05-08 20:01:07,broken clouds
701,San Luis,-33.295,-66.3356,72.88,37,100,7.02,AR,2022-05-08 20:01:08,overcast clouds
702,Anahuac,27.2333,-100.15,105.71,22,11,6.64,MX,2022-05-08 20:01:08,few clouds
703,Beringovskiy,63.05,179.3167,32.54,76,53,11.14,RU,2022-05-08 20:01:09,broken clouds
704,Brownsville,25.9018,-97.4975,93.09,66,75,21.85,US,2022-05-08 20:00:02,broken clouds
705,Longyan,25.1072,117.0225,66.9,97,100,0.45,CN,2022-05-08 20:01:10,light rain
